year,state,year_state,proportion_democrat_president,last_cycle_1,last_cycle_2,last_cycle_3,resident_population,percent_change_resident_population,resident_population_density,resident_population_density_rank,republican_candidate,democratic_candidate
1976,ALABAMA,"1976, ALABAMA",0.5666672397785496,1,1,1,3444165.0,5.4,68.0,28.0,"FORD, GERALD","CARTER, JIMMY"
1976,ALASKA,"1976, ALASKA",0.3810817122641917,0,0,0,300382.0,32.8,0.5,52.0,"FORD, GERALD","CARTER, JIMMY"
1976,ARIZONA,"1976, ARIZONA",0.4138669698310381,0,0,0,1770900.0,36.0,15.6,43.0,"FORD, GERALD","CARTER, JIMMY"
1976,ARKANSAS,"1976, ARKANSAS",0.6504885147819915,1,1,1,1923295.0,7.7,37.0,37.0,"FORD, GERALD","CARTER, JIMMY"
1976,CALIFORNIA,"1976, CALIFORNIA",0.4908217269318179,0,0,0,19953134.0,27.0,128.1,15.0,"FORD, GERALD","CARTER, JIMMY"
1976,COLORADO,"1976, COLORADO",0.4409245616838536,0,0,0,2207259.0,25.8,21.3,41.0,"FORD, GERALD","CARTER, JIMMY"
1976,CONNECTICUT,"1976, CONNECTICUT",0.4738998329378652,0,0,0,3031709.0,19.6,626.1,6.0,"FORD, GERALD","CARTER, JIMMY"
1976,DELAWARE,"1976, DELAWARE",0.527301380893124,1,1,1,548104.0,22.8,281.3,9.0,"FORD, GERALD","CARTER, JIMMY"
1976,DISTRICT OF COLUMBIA,"1976, DISTRICT OF COLUMBIA",0.8317772238685264,1,1,1,756510.0,-1.0,12392.0,1.0,"FORD, GERALD","CARTER, JIMMY"
1976,FLORIDA,"1976, FLORIDA",0.526802018720792,1,1,1,6789443.0,37.1,126.6,16.0,"FORD, GERALD","CARTER, JIMMY"
1976,GEORGIA,"1976, GEORGIA",0.6693829485931742,1,1,1,4589575.0,16.4,79.8,26.0,"FORD, GERALD","CARTER, JIMMY"
1976,HAWAII,"1976, HAWAII",0.5128263123829938,1,1,1,768561.0,21.5,119.7,17.0,"FORD, GERALD","CARTER, JIMMY"
1976,IDAHO,"1976, IDAHO",0.3826700937405503,0,0,0,712567.0,6.8,8.6,47.0,"FORD, GERALD","CARTER, JIMMY"
1976,ILLINOIS,"1976, ILLINOIS",0.4899716625636061,0,0,0,11113976.0,10.2,200.2,12.0,"FORD, GERALD","CARTER, JIMMY"
1976,INDIANA,"1976, INDIANA",0.4615122219230517,0,0,0,5193669.0,11.4,145.0,14.0,"FORD, GERALD","CARTER, JIMMY"
1976,IOWA,"1976, IOWA",0.4948383414684765,0,0,0,2824376.0,2.4,50.6,31.0,"FORD, GERALD","CARTER, JIMMY"
1976,KANSAS,"1976, KANSAS",0.4612445923746186,0,0,0,2246578.0,3.1,27.5,39.0,"FORD, GERALD","CARTER, JIMMY"
1976,KENTUCKY,"1976, KENTUCKY",0.5365402864664347,1,1,1,3218706.0,5.9,81.5,25.0,"FORD, GERALD","CARTER, JIMMY"
1976,LOUISIANA,"1976, LOUISIANA",0.5295957514788067,1,1,1,3641306.0,11.8,84.3,22.0,"FORD, GERALD","CARTER, JIMMY"
1976,MAINE,"1976, MAINE",0.4956882110290461,0,0,0,992048.0,2.4,32.2,38.0,"FORD, GERALD","CARTER, JIMMY"
1976,MARYLAND,"1976, MARYLAND",0.5303541992343639,1,1,1,3922399.0,26.5,404.1,7.0,"FORD, GERALD","CARTER, JIMMY"
1976,MASSACHUSETTS,"1976, MASSACHUSETTS",0.5811462217110593,1,1,1,5689170.0,10.5,729.4,5.0,"FORD, GERALD","CARTER, JIMMY"
1976,MICHIGAN,"1976, MICHIGAN",0.4725622595013001,0,0,0,8875083.0,13.4,157.0,13.0,"FORD, GERALD","CARTER, JIMMY"
1976,MINNESOTA,"1976, MINNESOTA",0.566419819719711,1,1,1,3804971.0,11.5,47.8,33.0,"FORD, GERALD","CARTER, JIMMY"
1976,MISSISSIPPI,"1976, MISSISSIPPI",0.509678885287533,1,1,1,2216912.0,1.8,47.2,34.0,"FORD, GERALD","CARTER, JIMMY"
1976,MISSOURI,"1976, MISSOURI",0.5184190712575877,1,1,1,4676501.0,8.3,68.0,28.0,"FORD, GERALD","CARTER, JIMMY"
1976,MONTANA,"1976, MONTANA",0.4621565385401378,0,0,0,694409.0,2.9,4.8,49.0,"FORD, GERALD","CARTER, JIMMY"
1976,NEBRASKA,"1976, NEBRASKA",0.3937354855260315,0,0,0,1483493.0,5.1,19.3,42.0,"FORD, GERALD","CARTER, JIMMY"
1976,NEVADA,"1976, NEVADA",0.4773060407118378,0,0,0,488738.0,71.3,4.5,50.0,"FORD, GERALD","CARTER, JIMMY"
1976,NEW HAMPSHIRE,"1976, NEW HAMPSHIRE",0.4426074704718508,0,0,0,737681.0,21.5,82.4,23.0,"FORD, GERALD","CARTER, JIMMY"
1976,NEW JERSEY,"1976, NEW JERSEY",0.4889933152604929,0,0,0,7168164.0,18.2,974.7,2.0,"FORD, GERALD","CARTER, JIMMY"
1976,NEW MEXICO,"1976, NEW MEXICO",0.4875523248345117,0,0,0,1016000.0,6.8,8.4,48.0,"FORD, GERALD","CARTER, JIMMY"
1976,NEW YORK,"1976, NEW YORK",0.534451946087019,1,1,1,18236967.0,8.7,387.0,8.0,"FORD, GERALD","CARTER, JIMMY"
1976,NORTH CAROLINA,"1976, NORTH CAROLINA",0.5555329249846495,1,1,1,5082059.0,11.5,104.5,19.0,"FORD, GERALD","CARTER, JIMMY"
1976,NORTH DAKOTA,"1976, NORTH DAKOTA",0.4696198949482679,0,0,0,617761.0,-2.3,9.0,45.0,"FORD, GERALD","CARTER, JIMMY"
1976,OHIO,"1976, OHIO",0.5011635459664862,1,1,1,10652017.0,9.7,260.7,11.0,"FORD, GERALD","CARTER, JIMMY"
1976,OKLAHOMA,"1976, OKLAHOMA",0.4938477948337429,0,0,0,2559229.0,9.9,37.3,36.0,"FORD, GERALD","CARTER, JIMMY"
1976,OREGON,"1976, OREGON",0.4991282682307967,0,0,0,2091385.0,18.2,21.8,40.0,"FORD, GERALD","CARTER, JIMMY"
1976,PENNSYLVANIA,"1976, PENNSYLVANIA",0.513571390921736,1,1,1,11793909.0,4.2,263.6,10.0,"FORD, GERALD","CARTER, JIMMY"
1976,RHODE ISLAND,"1976, RHODE ISLAND",0.5567237731880602,1,1,1,946725.0,10.1,915.8,3.0,"FORD, GERALD","CARTER, JIMMY"
1976,SOUTH CAROLINA,"1976, SOUTH CAROLINA",0.565661090449159,1,1,1,2590516.0,8.7,86.2,21.0,"FORD, GERALD","CARTER, JIMMY"
1976,SOUTH DAKOTA,"1976, SOUTH DAKOTA",0.4925696563319523,0,0,0,665507.0,-2.2,8.8,46.0,"FORD, GERALD","CARTER, JIMMY"
1976,TENNESSEE,"1976, TENNESSEE",0.5657294458053167,1,1,1,3923687.0,10.0,95.2,20.0,"FORD, GERALD","CARTER, JIMMY"
1976,TEXAS,"1976, TEXAS",0.5159850322837711,1,1,1,11196730.0,16.9,42.9,35.0,"FORD, GERALD","CARTER, JIMMY"
1976,UTAH,"1976, UTAH",0.3501994161740555,0,0,0,1059273.0,18.9,12.9,44.0,"FORD, GERALD","CARTER, JIMMY"
1976,VERMONT,"1976, VERMONT",0.4366136318994303,0,0,0,444330.0,14.0,48.2,32.0,"FORD, GERALD","CARTER, JIMMY"
1976,VIRGINIA,"1976, VIRGINIA",0.4931358114453634,0,0,0,4648494.0,17.2,117.7,18.0,"FORD, GERALD","CARTER, JIMMY"
1976,WASHINGTON,"1976, WASHINGTON",0.4797970643220483,0,0,0,3409169.0,19.5,51.3,30.0,"FORD, GERALD","CARTER, JIMMY"
1976,WEST VIRGINIA,"1976, WEST VIRGINIA",0.5806951864533234,1,1,1,1744237.0,-6.2,72.6,27.0,"FORD, GERALD","CARTER, JIMMY"
1976,WISCONSIN,"1976, WISCONSIN",0.5086164366749967,1,1,1,4417731.0,11.8,81.6,24.0,"FORD, GERALD","CARTER, JIMMY"
1976,WYOMING,"1976, WYOMING",0.4016559539482175,0,0,0,332416.0,0.7,3.4,51.0,"FORD, GERALD","CARTER, JIMMY"
1980,ALABAMA,"1980, ALABAMA",0.4932366169296053,1,0,0,3444165.0,5.4,68.0,28.0,"REAGAN, RONALD","CARTER, JIMMY"
1980,ALASKA,"1980, ALASKA",0.3270081435515888,0,0,0,300382.0,32.8,0.5,52.0,"REAGAN, RONALD","CARTER, JIMMY"
1980,ARIZONA,"1980, ARIZONA",0.3178791316766491,0,0,0,1770900.0,36.0,15.6,43.0,"REAGAN, RONALD","CARTER, JIMMY"
1980,ARKANSAS,"1980, ARKANSAS",0.4968029405707653,1,0,0,1923295.0,7.7,37.0,37.0,"REAGAN, RONALD","CARTER, JIMMY"
1980,CALIFORNIA,"1980, CALIFORNIA",0.4053337544079053,0,0,0,19953134.0,27.0,128.1,15.0,"REAGAN, RONALD","CARTER, JIMMY"
1980,COLORADO,"1980, COLORADO",0.360696597871354,0,0,0,2207259.0,25.8,21.3,41.0,"REAGAN, RONALD","CARTER, JIMMY"
1980,CONNECTICUT,"1980, CONNECTICUT",0.4444280367728735,0,0,0,3031709.0,19.6,626.1,6.0,"REAGAN, RONALD","CARTER, JIMMY"
1980,DELAWARE,"1980, DELAWARE",0.4873321474982258,1,0,0,548104.0,22.8,281.3,9.0,"REAGAN, RONALD","CARTER, JIMMY"
1980,DISTRICT OF COLUMBIA,"1980, DISTRICT OF COLUMBIA",0.8481673005783359,1,1,1,756510.0,-1.0,12392.0,1.0,"REAGAN, RONALD","CARTER, JIMMY"
1980,FLORIDA,"1980, FLORIDA",0.4094923705280309,1,0,0,6789443.0,37.1,126.6,16.0,"REAGAN, RONALD","CARTER, JIMMY"
1980,GEORGIA,"1980, GEORGIA",0.5766239969245167,1,1,1,4589575.0,16.4,79.8,26.0,"REAGAN, RONALD","CARTER, JIMMY"
1980,HAWAII,"1980, HAWAII",0.510840592350869,1,1,1,768561.0,21.5,119.7,17.0,"REAGAN, RONALD","CARTER, JIMMY"
1980,IDAHO,"1980, IDAHO",0.2748677321266878,0,0,0,712567.0,6.8,8.6,47.0,"REAGAN, RONALD","CARTER, JIMMY"
1980,ILLINOIS,"1980, ILLINOIS",0.4566033761788903,0,0,0,11113976.0,10.2,200.2,12.0,"REAGAN, RONALD","CARTER, JIMMY"
1980,INDIANA,"1980, INDIANA",0.4020267132985023,0,0,0,5193669.0,11.4,145.0,14.0,"REAGAN, RONALD","CARTER, JIMMY"
1980,IOWA,"1980, IOWA",0.4293684972879164,0,0,0,2824376.0,2.4,50.6,31.0,"REAGAN, RONALD","CARTER, JIMMY"
1980,KANSAS,"1980, KANSAS",0.3652451056147966,0,0,0,2246578.0,3.1,27.5,39.0,"REAGAN, RONALD","CARTER, JIMMY"
1980,KENTUCKY,"1980, KENTUCKY",0.4928725439873041,1,0,0,3218706.0,5.9,81.5,25.0,"REAGAN, RONALD","CARTER, JIMMY"
1980,LOUISIANA,"1980, LOUISIANA",0.4718911401140074,1,0,0,3641306.0,11.8,84.3,22.0,"REAGAN, RONALD","CARTER, JIMMY"
1980,MAINE,"1980, MAINE",0.4809051656597664,0,0,0,992048.0,2.4,32.2,38.0,"REAGAN, RONALD","CARTER, JIMMY"
1980,MARYLAND,"1980, MARYLAND",0.516191380662185,1,1,1,3922399.0,26.5,404.1,7.0,"REAGAN, RONALD","CARTER, JIMMY"
1980,MASSACHUSETTS,"1980, MASSACHUSETTS",0.4990932698314367,1,0,0,5689170.0,10.5,729.4,5.0,"REAGAN, RONALD","CARTER, JIMMY"
1980,MICHIGAN,"1980, MICHIGAN",0.4645358910320158,0,0,0,8875083.0,13.4,157.0,13.0,"REAGAN, RONALD","CARTER, JIMMY"
1980,MINNESOTA,"1980, MINNESOTA",0.5221361455718679,1,1,1,3804971.0,11.5,47.8,33.0,"REAGAN, RONALD","CARTER, JIMMY"
1980,MISSISSIPPI,"1980, MISSISSIPPI",0.4932166779645438,1,0,0,2216912.0,1.8,47.2,34.0,"REAGAN, RONALD","CARTER, JIMMY"
1980,MISSOURI,"1980, MISSOURI",0.4643458565855658,1,0,0,4676501.0,8.3,68.0,28.0,"REAGAN, RONALD","CARTER, JIMMY"
1980,MONTANA,"1980, MONTANA",0.3633475554570473,0,0,0,694409.0,2.9,4.8,49.0,"REAGAN, RONALD","CARTER, JIMMY"
1980,NEBRASKA,"1980, NEBRASKA",0.2841755487178086,0,0,0,1483493.0,5.1,19.3,42.0,"REAGAN, RONALD","CARTER, JIMMY"
1980,NEVADA,"1980, NEVADA",0.3007267133699923,0,0,0,488738.0,71.3,4.5,50.0,"REAGAN, RONALD","CARTER, JIMMY"
1980,NEW HAMPSHIRE,"1980, NEW HAMPSHIRE",0.3293230762715197,0,0,0,737681.0,21.5,82.4,23.0,"REAGAN, RONALD","CARTER, JIMMY"
1980,NEW JERSEY,"1980, NEW JERSEY",0.4259085548536872,0,0,0,7168164.0,18.2,974.7,2.0,"REAGAN, RONALD","CARTER, JIMMY"
1980,NEW MEXICO,"1980, NEW MEXICO",0.4009173325688895,0,0,0,1016000.0,6.8,8.4,48.0,"REAGAN, RONALD","CARTER, JIMMY"
1980,NEW YORK,"1980, NEW YORK",0.5084486380354196,1,1,1,18236967.0,8.7,387.0,8.0,"REAGAN, RONALD","CARTER, JIMMY"
1980,NORTH CAROLINA,"1980, NORTH CAROLINA",0.4890031737025543,1,0,0,5082059.0,11.5,104.5,19.0,"REAGAN, RONALD","CARTER, JIMMY"
1980,NORTH DAKOTA,"1980, NORTH DAKOTA",0.2901929024787089,0,0,0,617761.0,-2.3,9.0,45.0,"REAGAN, RONALD","CARTER, JIMMY"
1980,OHIO,"1980, OHIO",0.4426451498992538,1,0,0,10652017.0,9.7,260.7,11.0,"REAGAN, RONALD","CARTER, JIMMY"
1980,OKLAHOMA,"1980, OKLAHOMA",0.366278667196309,0,0,0,2559229.0,9.9,37.3,36.0,"REAGAN, RONALD","CARTER, JIMMY"
1980,OREGON,"1980, OREGON",0.4444740615642638,0,0,0,2091385.0,18.2,21.8,40.0,"REAGAN, RONALD","CARTER, JIMMY"
1980,PENNSYLVANIA,"1980, PENNSYLVANIA",0.4613836413288336,1,0,0,11793909.0,4.2,263.6,10.0,"REAGAN, RONALD","CARTER, JIMMY"
1980,RHODE ISLAND,"1980, RHODE ISLAND",0.5616605547453524,1,1,1,946725.0,10.1,915.8,3.0,"REAGAN, RONALD","CARTER, JIMMY"
1980,SOUTH CAROLINA,"1980, SOUTH CAROLINA",0.4936270672982154,1,0,0,2590516.0,8.7,86.2,21.0,"REAGAN, RONALD","CARTER, JIMMY"
1980,SOUTH DAKOTA,"1980, SOUTH DAKOTA",0.3436654114190034,0,0,0,665507.0,-2.2,8.8,46.0,"REAGAN, RONALD","CARTER, JIMMY"
1980,TENNESSEE,"1980, TENNESSEE",0.4985007753951459,1,0,0,3923687.0,10.0,95.2,20.0,"REAGAN, RONALD","CARTER, JIMMY"
1980,TEXAS,"1980, TEXAS",0.4283265920618454,1,0,0,11196730.0,16.9,42.9,35.0,"REAGAN, RONALD","CARTER, JIMMY"
1980,UTAH,"1980, UTAH",0.2203481495798408,0,0,0,1059273.0,18.9,12.9,44.0,"REAGAN, RONALD","CARTER, JIMMY"
1980,VERMONT,"1980, VERMONT",0.4641069203760335,0,0,0,444330.0,14.0,48.2,32.0,"REAGAN, RONALD","CARTER, JIMMY"
1980,VIRGINIA,"1980, VIRGINIA",0.4318413947087553,0,0,0,4648494.0,17.2,117.7,18.0,"REAGAN, RONALD","CARTER, JIMMY"
1980,WASHINGTON,"1980, WASHINGTON",0.429046539051112,0,0,0,3409169.0,19.5,51.3,30.0,"REAGAN, RONALD","CARTER, JIMMY"
1980,WEST VIRGINIA,"1980, WEST VIRGINIA",0.5236978172012975,1,1,1,1744237.0,-6.2,72.6,27.0,"REAGAN, RONALD","CARTER, JIMMY"
1980,WISCONSIN,"1980, WISCONSIN",0.4740969142143971,1,0,0,4417731.0,11.8,81.6,24.0,"REAGAN, RONALD","CARTER, JIMMY"
1980,WYOMING,"1980, WYOMING",0.3086737402187014,0,0,0,332416.0,0.7,3.4,51.0,"REAGAN, RONALD","CARTER, JIMMY"
1984,ALABAMA,"1984, ALABAMA",0.3873660464868173,0,1,0,3893888.0,13.1,76.9,28.0,"REAGAN, RONALD","MONDALE, WALTER"
1984,ALASKA,"1984, ALASKA",0.3094408735228361,0,0,0,401851.0,33.8,0.7,52.0,"REAGAN, RONALD","MONDALE, WALTER"
1984,ARIZONA,"1984, ARIZONA",0.3288327242999399,0,0,0,2718215.0,53.5,23.9,42.0,"REAGAN, RONALD","MONDALE, WALTER"
1984,ARKANSAS,"1984, ARKANSAS",0.3877241189805592,0,1,0,2286435.0,18.9,43.9,37.0,"REAGAN, RONALD","MONDALE, WALTER"
1984,CALIFORNIA,"1984, CALIFORNIA",0.4177546517780233,0,0,0,23667902.0,18.6,151.9,16.0,"REAGAN, RONALD","MONDALE, WALTER"
1984,COLORADO,"1984, COLORADO",0.356342301643494,0,0,0,2889964.0,30.9,27.9,40.0,"REAGAN, RONALD","MONDALE, WALTER"
1984,CONNECTICUT,"1984, CONNECTICUT",0.3900083123698196,0,0,0,3107576.0,2.5,641.7,6.0,"REAGAN, RONALD","MONDALE, WALTER"
1984,DELAWARE,"1984, DELAWARE",0.4004632730080442,0,1,0,594338.0,8.4,305.0,9.0,"REAGAN, RONALD","MONDALE, WALTER"
1984,DISTRICT OF COLUMBIA,"1984, DISTRICT OF COLUMBIA",0.8614773394710076,1,1,1,638333.0,-15.6,10456.2,1.0,"REAGAN, RONALD","MONDALE, WALTER"
1984,FLORIDA,"1984, FLORIDA",0.3466758678645452,0,1,0,9746324.0,43.6,181.8,13.0,"REAGAN, RONALD","MONDALE, WALTER"
1984,GEORGIA,"1984, GEORGIA",0.398021798518602,1,1,0,5463105.0,19.0,95.0,24.0,"REAGAN, RONALD","MONDALE, WALTER"
1984,HAWAII,"1984, HAWAII",0.442962757823506,1,1,0,964691.0,25.5,150.2,17.0,"REAGAN, RONALD","MONDALE, WALTER"
1984,IDAHO,"1984, IDAHO",0.2672442880258501,0,0,0,943935.0,32.5,11.4,45.0,"REAGAN, RONALD","MONDALE, WALTER"
1984,ILLINOIS,"1984, ILLINOIS",0.4352674669277925,0,0,0,11426518.0,2.8,205.8,12.0,"REAGAN, RONALD","MONDALE, WALTER"
1984,INDIANA,"1984, INDIANA",0.3792657087831628,0,0,0,5490224.0,5.7,153.2,15.0,"REAGAN, RONALD","MONDALE, WALTER"
1984,IOWA,"1984, IOWA",0.4627617466997986,0,0,0,2913808.0,3.2,52.2,34.0,"REAGAN, RONALD","MONDALE, WALTER"
1984,KANSAS,"1984, KANSAS",0.3297052288843034,0,0,0,2363679.0,5.2,28.9,39.0,"REAGAN, RONALD","MONDALE, WALTER"
1984,KENTUCKY,"1984, KENTUCKY",0.3963581761054802,0,1,0,3660777.0,13.7,92.7,25.0,"REAGAN, RONALD","MONDALE, WALTER"
1984,LOUISIANA,"1984, LOUISIANA",0.3858083883745785,0,1,0,4205900.0,15.5,97.3,23.0,"REAGAN, RONALD","MONDALE, WALTER"
1984,MAINE,"1984, MAINE",0.3893088209939838,0,0,0,1124660.0,13.4,36.5,38.0,"REAGAN, RONALD","MONDALE, WALTER"
1984,MARYLAND,"1984, MARYLAND",0.4724247280785537,1,1,0,4216975.0,7.5,434.4,7.0,"REAGAN, RONALD","MONDALE, WALTER"
1984,MASSACHUSETTS,"1984, MASSACHUSETTS",0.4860166976274062,0,1,0,5737037.0,0.8,735.5,5.0,"REAGAN, RONALD","MONDALE, WALTER"
1984,MICHIGAN,"1984, MICHIGAN",0.4045367500183142,0,0,0,9262078.0,4.4,163.8,14.0,"REAGAN, RONALD","MONDALE, WALTER"
1984,MINNESOTA,"1984, MINNESOTA",0.5009089076819495,1,1,1,4075970.0,7.1,51.2,35.0,"REAGAN, RONALD","MONDALE, WALTER"
1984,MISSISSIPPI,"1984, MISSISSIPPI",0.3768496494105839,0,1,0,2520638.0,13.7,53.7,33.0,"REAGAN, RONALD","MONDALE, WALTER"
1984,MISSOURI,"1984, MISSOURI",0.3997524933212296,0,1,0,4916686.0,5.1,71.5,29.0,"REAGAN, RONALD","MONDALE, WALTER"
1984,MONTANA,"1984, MONTANA",0.38698601236313,0,0,0,786690.0,13.3,5.4,50.0,"REAGAN, RONALD","MONDALE, WALTER"
1984,NEBRASKA,"1984, NEBRASKA",0.28995246326707,0,0,0,1569825.0,5.8,20.4,43.0,"REAGAN, RONALD","MONDALE, WALTER"
1984,NEVADA,"1984, NEVADA",0.3268431844521708,0,0,0,800493.0,63.8,7.3,49.0,"REAGAN, RONALD","MONDALE, WALTER"
1984,NEW HAMPSHIRE,"1984, NEW HAMPSHIRE",0.3106554774559431,0,0,0,920610.0,24.8,102.8,22.0,"REAGAN, RONALD","MONDALE, WALTER"
1984,NEW JERSEY,"1984, NEW JERSEY",0.3947860891850365,0,0,0,7364823.0,2.7,1001.4,2.0,"REAGAN, RONALD","MONDALE, WALTER"
1984,NEW MEXICO,"1984, NEW MEXICO",0.3965040187081179,0,0,0,1302894.0,28.2,10.7,46.0,"REAGAN, RONALD","MONDALE, WALTER"
1984,NEW YORK,"1984, NEW YORK",0.470582821297111,1,1,0,17558072.0,-3.7,372.6,8.0,"REAGAN, RONALD","MONDALE, WALTER"
1984,NORTH CAROLINA,"1984, NORTH CAROLINA",0.3797213705011314,0,1,0,5881766.0,15.7,121.0,19.0,"REAGAN, RONALD","MONDALE, WALTER"
1984,NORTH DAKOTA,"1984, NORTH DAKOTA",0.3426541761685233,0,0,0,652717.0,5.7,9.5,47.0,"REAGAN, RONALD","MONDALE, WALTER"
1984,OHIO,"1984, OHIO",0.4052931628093167,0,1,0,10797630.0,1.4,264.3,11.0,"REAGAN, RONALD","MONDALE, WALTER"
1984,OKLAHOMA,"1984, OKLAHOMA",0.3089017415230104,0,0,0,3025290.0,18.2,44.1,36.0,"REAGAN, RONALD","MONDALE, WALTER"
1984,OREGON,"1984, OREGON",0.4389528866066263,0,0,0,2633105.0,25.9,27.4,41.0,"REAGAN, RONALD","MONDALE, WALTER"
1984,PENNSYLVANIA,"1984, PENNSYLVANIA",0.4629926852287835,0,1,0,11863895.0,0.6,265.2,10.0,"REAGAN, RONALD","MONDALE, WALTER"
1984,RHODE ISLAND,"1984, RHODE ISLAND",0.481702697550747,1,1,0,947154.0,0.0,916.2,4.0,"REAGAN, RONALD","MONDALE, WALTER"
1984,SOUTH CAROLINA,"1984, SOUTH CAROLINA",0.3588122058587622,0,1,0,3121820.0,20.5,103.9,21.0,"REAGAN, RONALD","MONDALE, WALTER"
1984,SOUTH DAKOTA,"1984, SOUTH DAKOTA",0.3670048675643214,0,0,0,690768.0,3.8,9.1,48.0,"REAGAN, RONALD","MONDALE, WALTER"
1984,TENNESSEE,"1984, TENNESSEE",0.4181815190554701,0,1,0,4591120.0,17.0,111.3,20.0,"REAGAN, RONALD","MONDALE, WALTER"
1984,TEXAS,"1984, TEXAS",0.3621369482698658,0,1,0,14229191.0,27.1,54.5,32.0,"REAGAN, RONALD","MONDALE, WALTER"
1984,UTAH,"1984, UTAH",0.2487997899031825,0,0,0,1461037.0,37.9,17.8,44.0,"REAGAN, RONALD","MONDALE, WALTER"
1984,VERMONT,"1984, VERMONT",0.413350892722209,0,0,0,511456.0,15.1,55.5,31.0,"REAGAN, RONALD","MONDALE, WALTER"
1984,VIRGINIA,"1984, VIRGINIA",0.3732431206078015,0,0,0,5346818.0,15.0,135.4,18.0,"REAGAN, RONALD","MONDALE, WALTER"
1984,WASHINGTON,"1984, WASHINGTON",0.4315364898363371,0,0,0,4132156.0,21.2,62.2,30.0,"REAGAN, RONALD","MONDALE, WALTER"
1984,WEST VIRGINIA,"1984, WEST VIRGINIA",0.4472756567540157,1,1,0,1949644.0,11.8,81.1,27.0,"REAGAN, RONALD","MONDALE, WALTER"
1984,WISCONSIN,"1984, WISCONSIN",0.4537798429037826,0,1,0,4705767.0,6.5,86.9,26.0,"REAGAN, RONALD","MONDALE, WALTER"
1984,WYOMING,"1984, WYOMING",0.2859960023792809,0,0,0,469557.0,41.3,4.8,51.0,"REAGAN, RONALD","MONDALE, WALTER"
1988,ALABAMA,"1988, ALABAMA",0.4025443160191109,0,0,1,3893888.0,13.1,76.9,28.0,"BUSH, GEORGE H.W.","DUKAKIS, MICHAEL"
1988,ALASKA,"1988, ALASKA",0.378366825657466,0,0,0,401851.0,33.8,0.7,52.0,"BUSH, GEORGE H.W.","DUKAKIS, MICHAEL"
1988,ARIZONA,"1988, ARIZONA",0.3925650846900749,0,0,0,2718215.0,53.5,23.9,42.0,"BUSH, GEORGE H.W.","DUKAKIS, MICHAEL"
1988,ARKANSAS,"1988, ARKANSAS",0.4280835728688489,0,0,1,2286435.0,18.9,43.9,37.0,"BUSH, GEORGE H.W.","DUKAKIS, MICHAEL"
1988,CALIFORNIA,"1988, CALIFORNIA",0.4819268946362411,0,0,0,23667902.0,18.6,151.9,16.0,"BUSH, GEORGE H.W.","DUKAKIS, MICHAEL"
1988,COLORADO,"1988, COLORADO",0.4604617561850285,0,0,0,2889964.0,30.9,27.9,40.0,"BUSH, GEORGE H.W.","DUKAKIS, MICHAEL"
1988,CONNECTICUT,"1988, CONNECTICUT",0.4741884954356701,0,0,0,3107576.0,2.5,641.7,6.0,"BUSH, GEORGE H.W.","DUKAKIS, MICHAEL"
1988,DELAWARE,"1988, DELAWARE",0.4375881040413072,0,0,1,594338.0,8.4,305.0,9.0,"BUSH, GEORGE H.W.","DUKAKIS, MICHAEL"
1988,DISTRICT OF COLUMBIA,"1988, DISTRICT OF COLUMBIA",0.8524575260565678,1,1,1,638333.0,-15.6,10456.2,1.0,"BUSH, GEORGE H.W.","DUKAKIS, MICHAEL"
1988,FLORIDA,"1988, FLORIDA",0.3874792835414841,0,0,1,9746324.0,43.6,181.8,13.0,"BUSH, GEORGE H.W.","DUKAKIS, MICHAEL"
1988,GEORGIA,"1988, GEORGIA",0.3979638365523965,0,1,1,5463105.0,19.0,95.0,24.0,"BUSH, GEORGE H.W.","DUKAKIS, MICHAEL"
1988,HAWAII,"1988, HAWAII",0.5480627598015892,0,1,1,964691.0,25.5,150.2,17.0,"BUSH, GEORGE H.W.","DUKAKIS, MICHAEL"
1988,IDAHO,"1988, IDAHO",0.3671217714936695,0,0,0,943935.0,32.5,11.4,45.0,"BUSH, GEORGE H.W.","DUKAKIS, MICHAEL"
1988,ILLINOIS,"1988, ILLINOIS",0.4895072300364114,0,0,0,11426518.0,2.8,205.8,12.0,"BUSH, GEORGE H.W.","DUKAKIS, MICHAEL"
1988,INDIANA,"1988, INDIANA",0.3987400887506799,0,0,0,5490224.0,5.7,153.2,15.0,"BUSH, GEORGE H.W.","DUKAKIS, MICHAEL"
1988,IOWA,"1988, IOWA",0.5514848114008251,0,0,0,2913808.0,3.2,52.2,34.0,"BUSH, GEORGE H.W.","DUKAKIS, MICHAEL"
1988,KANSAS,"1988, KANSAS",0.4327249829781352,0,0,0,2363679.0,5.2,28.9,39.0,"BUSH, GEORGE H.W.","DUKAKIS, MICHAEL"
1988,KENTUCKY,"1988, KENTUCKY",0.4414623218821145,0,0,1,3660777.0,13.7,92.7,25.0,"BUSH, GEORGE H.W.","DUKAKIS, MICHAEL"
1988,LOUISIANA,"1988, LOUISIANA",0.4480870767605027,0,0,1,4205900.0,15.5,97.3,23.0,"BUSH, GEORGE H.W.","DUKAKIS, MICHAEL"
1988,MAINE,"1988, MAINE",0.4422898129653169,0,0,0,1124660.0,13.4,36.5,38.0,"BUSH, GEORGE H.W.","DUKAKIS, MICHAEL"
1988,MARYLAND,"1988, MARYLAND",0.4853556976888299,0,1,1,4216975.0,7.5,434.4,7.0,"BUSH, GEORGE H.W.","DUKAKIS, MICHAEL"
1988,MASSACHUSETTS,"1988, MASSACHUSETTS",0.5398258893318696,0,0,1,5737037.0,0.8,735.5,5.0,"BUSH, GEORGE H.W.","DUKAKIS, MICHAEL"
1988,MICHIGAN,"1988, MICHIGAN",0.4602195003994486,0,0,0,9262078.0,4.4,163.8,14.0,"BUSH, GEORGE H.W.","DUKAKIS, MICHAEL"
1988,MINNESOTA,"1988, MINNESOTA",0.5355085992524404,1,1,1,4075970.0,7.1,51.2,35.0,"BUSH, GEORGE H.W.","DUKAKIS, MICHAEL"
1988,MISSISSIPPI,"1988, MISSISSIPPI",0.3947891704481721,0,0,1,2520638.0,13.7,53.7,33.0,"BUSH, GEORGE H.W.","DUKAKIS, MICHAEL"
1988,MISSOURI,"1988, MISSOURI",0.4800308831902278,0,0,1,4916686.0,5.1,71.5,29.0,"BUSH, GEORGE H.W.","DUKAKIS, MICHAEL"
1988,MONTANA,"1988, MONTANA",0.4701181027861572,0,0,0,786690.0,13.3,5.4,50.0,"BUSH, GEORGE H.W.","DUKAKIS, MICHAEL"
1988,NEBRASKA,"1988, NEBRASKA",0.3944591450582859,0,0,0,1569825.0,5.8,20.4,43.0,"BUSH, GEORGE H.W.","DUKAKIS, MICHAEL"
1988,NEVADA,"1988, NEVADA",0.3918141083541434,0,0,0,800493.0,63.8,7.3,49.0,"BUSH, GEORGE H.W.","DUKAKIS, MICHAEL"
1988,NEW HAMPSHIRE,"1988, NEW HAMPSHIRE",0.3676636727286612,0,0,0,920610.0,24.8,102.8,22.0,"BUSH, GEORGE H.W.","DUKAKIS, MICHAEL"
1988,NEW JERSEY,"1988, NEW JERSEY",0.4309884238646482,0,0,0,7364823.0,2.7,1001.4,2.0,"BUSH, GEORGE H.W.","DUKAKIS, MICHAEL"
1988,NEW MEXICO,"1988, NEW MEXICO",0.4749008425951464,0,0,0,1302894.0,28.2,10.7,46.0,"BUSH, GEORGE H.W.","DUKAKIS, MICHAEL"
1988,NEW YORK,"1988, NEW YORK",0.5342205263918793,0,1,1,17558072.0,-3.7,372.6,8.0,"BUSH, GEORGE H.W.","DUKAKIS, MICHAEL"
1988,NORTH CAROLINA,"1988, NORTH CAROLINA",0.4184246213144999,0,0,1,5881766.0,15.7,121.0,19.0,"BUSH, GEORGE H.W.","DUKAKIS, MICHAEL"
1988,NORTH DAKOTA,"1988, NORTH DAKOTA",0.4340464427213233,0,0,0,652717.0,5.7,9.5,47.0,"BUSH, GEORGE H.W.","DUKAKIS, MICHAEL"
1988,OHIO,"1988, OHIO",0.4452593534974925,0,0,1,10797630.0,1.4,264.3,11.0,"BUSH, GEORGE H.W.","DUKAKIS, MICHAEL"
1988,OKLAHOMA,"1988, OKLAHOMA",0.4161018772755833,0,0,0,3025290.0,18.2,44.1,36.0,"BUSH, GEORGE H.W.","DUKAKIS, MICHAEL"
1988,OREGON,"1988, OREGON",0.5238368079759795,0,0,0,2633105.0,25.9,27.4,41.0,"BUSH, GEORGE H.W.","DUKAKIS, MICHAEL"
1988,PENNSYLVANIA,"1988, PENNSYLVANIA",0.4883045300466226,0,0,1,11863895.0,0.6,265.2,10.0,"BUSH, GEORGE H.W.","DUKAKIS, MICHAEL"
1988,RHODE ISLAND,"1988, RHODE ISLAND",0.5587787055331063,0,1,1,947154.0,0.0,916.2,4.0,"BUSH, GEORGE H.W.","DUKAKIS, MICHAEL"
1988,SOUTH CAROLINA,"1988, SOUTH CAROLINA",0.3792785443558168,0,0,1,3121820.0,20.5,103.9,21.0,"BUSH, GEORGE H.W.","DUKAKIS, MICHAEL"
1988,SOUTH DAKOTA,"1988, SOUTH DAKOTA",0.468076211914141,0,0,0,690768.0,3.8,9.1,48.0,"BUSH, GEORGE H.W.","DUKAKIS, MICHAEL"
1988,TENNESSEE,"1988, TENNESSEE",0.4178135949802923,0,0,1,4591120.0,17.0,111.3,20.0,"BUSH, GEORGE H.W.","DUKAKIS, MICHAEL"
1988,TEXAS,"1988, TEXAS",0.4365366706886273,0,0,1,14229191.0,27.1,54.5,32.0,"BUSH, GEORGE H.W.","DUKAKIS, MICHAEL"
1988,UTAH,"1988, UTAH",0.3261212516809927,0,0,0,1461037.0,37.9,17.8,44.0,"BUSH, GEORGE H.W.","DUKAKIS, MICHAEL"
1988,VERMONT,"1988, VERMONT",0.4821828692327555,0,0,0,511456.0,15.1,55.5,31.0,"BUSH, GEORGE H.W.","DUKAKIS, MICHAEL"
1988,VIRGINIA,"1988, VIRGINIA",0.3964105394241759,0,0,0,5346818.0,15.0,135.4,18.0,"BUSH, GEORGE H.W.","DUKAKIS, MICHAEL"
1988,WASHINGTON,"1988, WASHINGTON",0.5080771175458582,0,0,0,4132156.0,21.2,62.2,30.0,"BUSH, GEORGE H.W.","DUKAKIS, MICHAEL"
1988,WEST VIRGINIA,"1988, WEST VIRGINIA",0.5237689319762058,0,1,1,1949644.0,11.8,81.1,27.0,"BUSH, GEORGE H.W.","DUKAKIS, MICHAEL"
1988,WISCONSIN,"1988, WISCONSIN",0.5182346629456104,0,0,1,4705767.0,6.5,86.9,26.0,"BUSH, GEORGE H.W.","DUKAKIS, MICHAEL"
1988,WYOMING,"1988, WYOMING",0.3857512357742269,0,0,0,469557.0,41.3,4.8,51.0,"BUSH, GEORGE H.W.","DUKAKIS, MICHAEL"
1992,ALABAMA,"1992, ALABAMA",0.4617887354009701,0,0,0,4040587.0,3.8,79.8,27.0,"BUSH, GEORGE H.W.","CLINTON, BILL"
1992,ALASKA,"1992, ALASKA",0.4342573796132983,0,0,0,550043.0,36.9,1.0,52.0,"BUSH, GEORGE H.W.","CLINTON, BILL"
1992,ARIZONA,"1992, ARIZONA",0.4869809601698806,0,0,0,3665228.0,34.8,32.3,39.0,"BUSH, GEORGE H.W.","CLINTON, BILL"
1992,ARKANSAS,"1992, ARKANSAS",0.5999226706612252,0,0,0,2350725.0,2.8,45.2,37.0,"BUSH, GEORGE H.W.","CLINTON, BILL"
1992,CALIFORNIA,"1992, CALIFORNIA",0.5851672876937908,0,0,0,29760021.0,25.7,191.0,14.0,"BUSH, GEORGE H.W.","CLINTON, BILL"
1992,COLORADO,"1992, COLORADO",0.5280206552282498,0,0,0,3294394.0,14.0,31.8,40.0,"BUSH, GEORGE H.W.","CLINTON, BILL"
1992,CONNECTICUT,"1992, CONNECTICUT",0.5412511670742668,0,0,0,3287116.0,5.8,678.8,6.0,"BUSH, GEORGE H.W.","CLINTON, BILL"
1992,DELAWARE,"1992, DELAWARE",0.5519799270472528,0,0,0,666168.0,12.1,341.9,9.0,"BUSH, GEORGE H.W.","CLINTON, BILL"
1992,DISTRICT OF COLUMBIA,"1992, DISTRICT OF COLUMBIA",0.9029706961939272,1,1,1,606900.0,-4.9,9941.3,1.0,"BUSH, GEORGE H.W.","CLINTON, BILL"
1992,FLORIDA,"1992, FLORIDA",0.4880315891041901,0,0,0,12937926.0,32.7,241.3,12.0,"BUSH, GEORGE H.W.","CLINTON, BILL"
1992,GEORGIA,"1992, GEORGIA",0.5034212845109663,0,0,1,6478216.0,18.6,112.6,23.0,"BUSH, GEORGE H.W.","CLINTON, BILL"
1992,HAWAII,"1992, HAWAII",0.567199777308213,1,0,1,1108229.0,14.9,172.6,15.0,"BUSH, GEORGE H.W.","CLINTON, BILL"
1992,IDAHO,"1992, IDAHO",0.4033851697884342,0,0,0,1006749.0,6.7,12.2,46.0,"BUSH, GEORGE H.W.","CLINTON, BILL"
1992,ILLINOIS,"1992, ILLINOIS",0.585882182122468,0,0,0,11430602.0,0.0,205.9,13.0,"BUSH, GEORGE H.W.","CLINTON, BILL"
1992,INDIANA,"1992, INDIANA",0.4616510546606123,0,0,0,5544159.0,1.0,154.8,18.0,"BUSH, GEORGE H.W.","CLINTON, BILL"
1992,IOWA,"1992, IOWA",0.5373252911356213,1,0,0,2776755.0,-4.7,49.7,35.0,"BUSH, GEORGE H.W.","CLINTON, BILL"
1992,KANSAS,"1992, KANSAS",0.4645894441238242,0,0,0,2477574.0,4.8,30.3,41.0,"BUSH, GEORGE H.W.","CLINTON, BILL"
1992,KENTUCKY,"1992, KENTUCKY",0.5186877769476606,0,0,0,3685296.0,0.7,93.3,25.0,"BUSH, GEORGE H.W.","CLINTON, BILL"
1992,LOUISIANA,"1992, LOUISIANA",0.5266513786041565,0,0,0,4219973.0,0.3,97.7,24.0,"BUSH, GEORGE H.W.","CLINTON, BILL"
1992,MAINE,"1992, MAINE",0.5605587286454831,0,0,0,1227928.0,9.2,39.8,38.0,"BUSH, GEORGE H.W.","CLINTON, BILL"
1992,MARYLAND,"1992, MARYLAND",0.5829990003921766,0,0,1,4781468.0,13.4,492.6,7.0,"BUSH, GEORGE H.W.","CLINTON, BILL"
1992,MASSACHUSETTS,"1992, MASSACHUSETTS",0.6209222867120157,1,0,0,6016425.0,4.9,771.3,5.0,"BUSH, GEORGE H.W.","CLINTON, BILL"
1992,MICHIGAN,"1992, MICHIGAN",0.5461515964697112,0,0,0,9295297.0,0.4,164.4,16.0,"BUSH, GEORGE H.W.","CLINTON, BILL"
1992,MINNESOTA,"1992, MINNESOTA",0.5772134022448636,1,1,1,4375099.0,7.3,54.9,33.0,"BUSH, GEORGE H.W.","CLINTON, BILL"
1992,MISSISSIPPI,"1992, MISSISSIPPI",0.450715105326158,0,0,0,2573216.0,2.1,54.8,34.0,"BUSH, GEORGE H.W.","CLINTON, BILL"
1992,MISSOURI,"1992, MISSOURI",0.5650696610031356,0,0,0,5117073.0,4.1,74.4,29.0,"BUSH, GEORGE H.W.","CLINTON, BILL"
1992,MONTANA,"1992, MONTANA",0.517240571248753,0,0,0,799065.0,1.6,5.5,50.0,"BUSH, GEORGE H.W.","CLINTON, BILL"
1992,NEBRASKA,"1992, NEBRASKA",0.3868826956766844,0,0,0,1578385.0,0.5,20.5,44.0,"BUSH, GEORGE H.W.","CLINTON, BILL"
1992,NEVADA,"1992, NEVADA",0.5182477751961773,0,0,0,1201833.0,50.1,10.9,47.0,"BUSH, GEORGE H.W.","CLINTON, BILL"
1992,NEW HAMPSHIRE,"1992, NEW HAMPSHIRE",0.507965513554495,0,0,0,1109252.0,20.5,123.9,20.0,"BUSH, GEORGE H.W.","CLINTON, BILL"
1992,NEW JERSEY,"1992, NEW JERSEY",0.5142031835209345,0,0,0,7730188.0,5.0,1051.1,2.0,"BUSH, GEORGE H.W.","CLINTON, BILL"
1992,NEW MEXICO,"1992, NEW MEXICO",0.5514215676975641,0,0,0,1515069.0,16.3,12.5,45.0,"BUSH, GEORGE H.W.","CLINTON, BILL"
1992,NEW YORK,"1992, NEW YORK",0.6211082540422493,1,0,1,17990455.0,2.5,381.7,8.0,"BUSH, GEORGE H.W.","CLINTON, BILL"
1992,NORTH CAROLINA,"1992, NORTH CAROLINA",0.4954153572081328,0,0,0,6628637.0,12.7,136.3,19.0,"BUSH, GEORGE H.W.","CLINTON, BILL"
1992,NORTH DAKOTA,"1992, NORTH DAKOTA",0.4212529522709122,0,0,0,638800.0,-2.1,9.3,48.0,"BUSH, GEORGE H.W.","CLINTON, BILL"
1992,OHIO,"1992, OHIO",0.5116816334695452,0,0,0,10847115.0,0.5,265.5,11.0,"BUSH, GEORGE H.W.","CLINTON, BILL"
1992,OKLAHOMA,"1992, OKLAHOMA",0.4437788169738132,0,0,0,3145585.0,4.0,45.9,36.0,"BUSH, GEORGE H.W.","CLINTON, BILL"
1992,OREGON,"1992, OREGON",0.5663389151659282,1,0,0,2842321.0,7.9,29.6,42.0,"BUSH, GEORGE H.W.","CLINTON, BILL"
1992,PENNSYLVANIA,"1992, PENNSYLVANIA",0.5554852946101531,0,0,0,11881643.0,0.1,265.6,10.0,"BUSH, GEORGE H.W.","CLINTON, BILL"
1992,RHODE ISLAND,"1992, RHODE ISLAND",0.6184372281820818,1,0,1,1003464.0,5.9,970.6,4.0,"BUSH, GEORGE H.W.","CLINTON, BILL"
1992,SOUTH CAROLINA,"1992, SOUTH CAROLINA",0.4764315457275972,0,0,0,3486703.0,11.7,116.0,22.0,"BUSH, GEORGE H.W.","CLINTON, BILL"
1992,SOUTH DAKOTA,"1992, SOUTH DAKOTA",0.4773896623166135,0,0,0,696004.0,0.8,9.2,49.0,"BUSH, GEORGE H.W.","CLINTON, BILL"
1992,TENNESSEE,"1992, TENNESSEE",0.5259803664707596,0,0,0,4877185.0,6.2,118.3,21.0,"BUSH, GEORGE H.W.","CLINTON, BILL"
1992,TEXAS,"1992, TEXAS",0.477578368341145,0,0,0,16986510.0,19.4,65.0,31.0,"BUSH, GEORGE H.W.","CLINTON, BILL"
1992,UTAH,"1992, UTAH",0.3624642088601967,0,0,0,1722850.0,17.9,21.0,43.0,"BUSH, GEORGE H.W.","CLINTON, BILL"
1992,VERMONT,"1992, VERMONT",0.6025420135850691,0,0,0,562758.0,10.0,61.1,32.0,"BUSH, GEORGE H.W.","CLINTON, BILL"
1992,VIRGINIA,"1992, VIRGINIA",0.4744498706585656,0,0,0,6187358.0,15.7,156.7,17.0,"BUSH, GEORGE H.W.","CLINTON, BILL"
1992,WASHINGTON,"1992, WASHINGTON",0.5759170107251123,1,0,0,4866692.0,17.8,73.2,30.0,"BUSH, GEORGE H.W.","CLINTON, BILL"
1992,WEST VIRGINIA,"1992, WEST VIRGINIA",0.5776883808194074,1,0,1,1793477.0,-8.0,74.6,28.0,"BUSH, GEORGE H.W.","CLINTON, BILL"
1992,WISCONSIN,"1992, WISCONSIN",0.5279450850211544,1,0,0,4891769.0,4.0,90.3,26.0,"BUSH, GEORGE H.W.","CLINTON, BILL"
1992,WYOMING,"1992, WYOMING",0.4620797657060342,0,0,0,453588.0,-3.4,4.7,51.0,"BUSH, GEORGE H.W.","CLINTON, BILL"
1996,ALABAMA,"1996, ALABAMA",0.4626612884631105,0,0,0,4040587.0,3.8,79.8,27.0,"DOLE, ROBERT","CLINTON, BILL"
1996,ALASKA,"1996, ALASKA",0.3957149749416618,0,0,0,550043.0,36.9,1.0,52.0,"DOLE, ROBERT","CLINTON, BILL"
1996,ARIZONA,"1996, ARIZONA",0.5122377115185426,0,0,0,3665228.0,34.8,32.3,39.0,"DOLE, ROBERT","CLINTON, BILL"
1996,ARKANSAS,"1996, ARKANSAS",0.5935282486475548,1,0,0,2350725.0,2.8,45.2,37.0,"DOLE, ROBERT","CLINTON, BILL"
1996,CALIFORNIA,"1996, CALIFORNIA",0.5721626523096894,1,0,0,29760021.0,25.7,191.0,14.0,"DOLE, ROBERT","CLINTON, BILL"
1996,COLORADO,"1996, COLORADO",0.4924079236977256,1,0,0,3294394.0,14.0,31.8,40.0,"DOLE, ROBERT","CLINTON, BILL"
1996,CONNECTICUT,"1996, CONNECTICUT",0.6036350688231273,1,0,0,3287116.0,5.8,678.8,6.0,"DOLE, ROBERT","CLINTON, BILL"
1996,DELAWARE,"1996, DELAWARE",0.5862365663256995,1,0,0,666168.0,12.1,341.9,9.0,"DOLE, ROBERT","CLINTON, BILL"
1996,DISTRICT OF COLUMBIA,"1996, DISTRICT OF COLUMBIA",0.9012354820886426,1,1,1,606900.0,-4.9,9941.3,1.0,"DOLE, ROBERT","CLINTON, BILL"
1996,FLORIDA,"1996, FLORIDA",0.5315496119510641,0,0,0,12937926.0,32.7,241.3,12.0,"DOLE, ROBERT","CLINTON, BILL"
1996,GEORGIA,"1996, GEORGIA",0.4936773080144583,1,0,0,6478216.0,18.6,112.6,23.0,"DOLE, ROBERT","CLINTON, BILL"
1996,HAWAII,"1996, HAWAII",0.6427615180824882,1,1,0,1108229.0,14.9,172.6,15.0,"DOLE, ROBERT","CLINTON, BILL"
1996,IDAHO,"1996, IDAHO",0.3920097242428407,0,0,0,1006749.0,6.7,12.2,46.0,"DOLE, ROBERT","CLINTON, BILL"
1996,ILLINOIS,"1996, ILLINOIS",0.5960509218545778,1,0,0,11430602.0,0.0,205.9,13.0,"DOLE, ROBERT","CLINTON, BILL"
1996,INDIANA,"1996, INDIANA",0.4685159364495435,0,0,0,5544159.0,1.0,154.8,18.0,"DOLE, ROBERT","CLINTON, BILL"
1996,IOWA,"1996, IOWA",0.5573338892373273,1,1,0,2776755.0,-4.7,49.7,35.0,"DOLE, ROBERT","CLINTON, BILL"
1996,KANSAS,"1996, KANSAS",0.3992763445201585,0,0,0,2477574.0,4.8,30.3,41.0,"DOLE, ROBERT","CLINTON, BILL"
1996,KENTUCKY,"1996, KENTUCKY",0.5052905118434284,1,0,0,3685296.0,0.7,93.3,25.0,"DOLE, ROBERT","CLINTON, BILL"
1996,LOUISIANA,"1996, LOUISIANA",0.5656083827159214,1,0,0,4219973.0,0.3,97.7,24.0,"DOLE, ROBERT","CLINTON, BILL"
1996,MAINE,"1996, MAINE",0.6266212041685532,1,0,0,1227928.0,9.2,39.8,38.0,"DOLE, ROBERT","CLINTON, BILL"
1996,MARYLAND,"1996, MARYLAND",0.5863842348627238,1,0,0,4781468.0,13.4,492.6,7.0,"DOLE, ROBERT","CLINTON, BILL"
1996,MASSACHUSETTS,"1996, MASSACHUSETTS",0.6863782540541509,1,1,0,6016425.0,4.9,771.3,5.0,"DOLE, ROBERT","CLINTON, BILL"
1996,MICHIGAN,"1996, MICHIGAN",0.5732441336669677,1,0,0,9295297.0,0.4,164.4,16.0,"DOLE, ROBERT","CLINTON, BILL"
1996,MINNESOTA,"1996, MINNESOTA",0.5938068927137576,1,1,1,4375099.0,7.3,54.9,33.0,"DOLE, ROBERT","CLINTON, BILL"
1996,MISSISSIPPI,"1996, MISSISSIPPI",0.472527762454129,0,0,0,2573216.0,2.1,54.8,34.0,"DOLE, ROBERT","CLINTON, BILL"
1996,MISSOURI,"1996, MISSOURI",0.5354703747642815,1,0,0,5117073.0,4.1,74.4,29.0,"DOLE, ROBERT","CLINTON, BILL"
1996,MONTANA,"1996, MONTANA",0.4831258954927583,1,0,0,799065.0,1.6,5.5,50.0,"DOLE, ROBERT","CLINTON, BILL"
1996,NEBRASKA,"1996, NEBRASKA",0.3944517749921696,0,0,0,1578385.0,0.5,20.5,44.0,"DOLE, ROBERT","CLINTON, BILL"
1996,NEVADA,"1996, NEVADA",0.5058653135524703,1,0,0,1201833.0,50.1,10.9,47.0,"DOLE, ROBERT","CLINTON, BILL"
1996,NEW HAMPSHIRE,"1996, NEW HAMPSHIRE",0.5561163171068921,1,0,0,1109252.0,20.5,123.9,20.0,"DOLE, ROBERT","CLINTON, BILL"
1996,NEW JERSEY,"1996, NEW JERSEY",0.599667932033127,1,0,0,7730188.0,5.0,1051.1,2.0,"DOLE, ROBERT","CLINTON, BILL"
1996,NEW MEXICO,"1996, NEW MEXICO",0.5402413056103159,1,0,0,1515069.0,16.3,12.5,45.0,"DOLE, ROBERT","CLINTON, BILL"
1996,NEW YORK,"1996, NEW YORK",0.677320293812358,1,1,0,17990455.0,2.5,381.7,8.0,"DOLE, ROBERT","CLINTON, BILL"
1996,NORTH CAROLINA,"1996, NORTH CAROLINA",0.4747001333026536,0,0,0,6628637.0,12.7,136.3,19.0,"DOLE, ROBERT","CLINTON, BILL"
1996,NORTH DAKOTA,"1996, NORTH DAKOTA",0.4608868099415835,0,0,0,638800.0,-2.1,9.3,48.0,"DOLE, ROBERT","CLINTON, BILL"
1996,OHIO,"1996, OHIO",0.5359694918172054,1,0,0,10847115.0,0.5,265.5,11.0,"DOLE, ROBERT","CLINTON, BILL"
1996,OKLAHOMA,"1996, OKLAHOMA",0.4559939089329422,0,0,0,3145585.0,4.0,45.9,36.0,"DOLE, ROBERT","CLINTON, BILL"
1996,OREGON,"1996, OREGON",0.5469311571965823,1,1,0,2842321.0,7.9,29.6,42.0,"DOLE, ROBERT","CLINTON, BILL"
1996,PENNSYLVANIA,"1996, PENNSYLVANIA",0.5516120536083254,1,0,0,11881643.0,0.1,265.6,10.0,"DOLE, ROBERT","CLINTON, BILL"
1996,RHODE ISLAND,"1996, RHODE ISLAND",0.690042133874984,1,1,0,1003464.0,5.9,970.6,4.0,"DOLE, ROBERT","CLINTON, BILL"
1996,SOUTH CAROLINA,"1996, SOUTH CAROLINA",0.4688802407801454,0,0,0,3486703.0,11.7,116.0,22.0,"DOLE, ROBERT","CLINTON, BILL"
1996,SOUTH DAKOTA,"1996, SOUTH DAKOTA",0.4806641460486552,0,0,0,696004.0,0.8,9.2,49.0,"DOLE, ROBERT","CLINTON, BILL"
1996,TENNESSEE,"1996, TENNESSEE",0.5128664234186056,1,0,0,4877185.0,6.2,118.3,21.0,"DOLE, ROBERT","CLINTON, BILL"
1996,TEXAS,"1996, TEXAS",0.4733937661787773,0,0,0,16986510.0,19.4,65.0,31.0,"DOLE, ROBERT","CLINTON, BILL"
1996,UTAH,"1996, UTAH",0.3798051218074387,0,0,0,1722850.0,17.9,21.0,43.0,"DOLE, ROBERT","CLINTON, BILL"
1996,VERMONT,"1996, VERMONT",0.6318283038406202,1,0,0,562758.0,10.0,61.1,32.0,"DOLE, ROBERT","CLINTON, BILL"
1996,VIRGINIA,"1996, VIRGINIA",0.4893940549293311,0,0,0,6187358.0,15.7,156.7,17.0,"DOLE, ROBERT","CLINTON, BILL"
1996,WASHINGTON,"1996, WASHINGTON",0.5719465284478128,1,1,0,4866692.0,17.8,73.2,30.0,"DOLE, ROBERT","CLINTON, BILL"
1996,WEST VIRGINIA,"1996, WEST VIRGINIA",0.5835466517610786,1,1,0,1793477.0,-8.0,74.6,28.0,"DOLE, ROBERT","CLINTON, BILL"
1996,WISCONSIN,"1996, WISCONSIN",0.5591919666145019,1,1,0,4891769.0,4.0,90.3,26.0,"DOLE, ROBERT","CLINTON, BILL"
1996,WYOMING,"1996, WYOMING",0.4251208256510402,0,0,0,453588.0,-3.4,4.7,51.0,"DOLE, ROBERT","CLINTON, BILL"
2000,ALABAMA,"2000, ALABAMA",0.423930580786689,0,0,0,4040587.0,3.8,79.8,27.0,"BUSH, GEORGE W.","GORE, AL"
2000,ALASKA,"2000, ALASKA",0.3206305143627081,0,0,0,550043.0,36.9,1.0,52.0,"BUSH, GEORGE W.","GORE, AL"
2000,ARIZONA,"2000, ARIZONA",0.4671740083286014,1,0,0,3665228.0,34.8,32.3,39.0,"BUSH, GEORGE W.","GORE, AL"
2000,ARKANSAS,"2000, ARKANSAS",0.4719931048957919,1,1,0,2350725.0,2.8,45.2,37.0,"BUSH, GEORGE W.","GORE, AL"
2000,CALIFORNIA,"2000, CALIFORNIA",0.5620298999907178,1,1,0,29760021.0,25.7,191.0,14.0,"BUSH, GEORGE W.","GORE, AL"
2000,COLORADO,"2000, COLORADO",0.4551408005672097,0,1,0,3294394.0,14.0,31.8,40.0,"BUSH, GEORGE W.","GORE, AL"
2000,CONNECTICUT,"2000, CONNECTICUT",0.5925565804885452,1,1,0,3287116.0,5.8,678.8,6.0,"BUSH, GEORGE W.","GORE, AL"
2000,DELAWARE,"2000, DELAWARE",0.5674006478528845,1,1,0,666168.0,12.1,341.9,9.0,"BUSH, GEORGE W.","GORE, AL"
2000,DISTRICT OF COLUMBIA,"2000, DISTRICT OF COLUMBIA",0.9048769447777848,1,1,1,606900.0,-4.9,9941.3,1.0,"BUSH, GEORGE W.","GORE, AL"
2000,FLORIDA,"2000, FLORIDA",0.4999539059196644,1,0,0,12937926.0,32.7,241.3,12.0,"BUSH, GEORGE W.","GORE, AL"
2000,GEORGIA,"2000, GEORGIA",0.4401624637709734,0,1,0,6478216.0,18.6,112.6,23.0,"BUSH, GEORGE W.","GORE, AL"
2000,HAWAII,"2000, HAWAII",0.5982729628042934,1,1,1,1108229.0,14.9,172.6,15.0,"BUSH, GEORGE W.","GORE, AL"
2000,IDAHO,"2000, IDAHO",0.2915150954425599,0,0,0,1006749.0,6.7,12.2,46.0,"BUSH, GEORGE W.","GORE, AL"
2000,ILLINOIS,"2000, ILLINOIS",0.5618001031583959,1,1,0,11430602.0,0.0,205.9,13.0,"BUSH, GEORGE W.","GORE, AL"
2000,INDIANA,"2000, INDIANA",0.4199521746741806,0,0,0,5544159.0,1.0,154.8,18.0,"BUSH, GEORGE W.","GORE, AL"
2000,IOWA,"2000, IOWA",0.5016277918751817,1,1,1,2776755.0,-4.7,49.7,35.0,"BUSH, GEORGE W.","GORE, AL"
2000,KANSAS,"2000, KANSAS",0.3908309253647191,0,0,0,2477574.0,4.8,30.3,41.0,"BUSH, GEORGE W.","GORE, AL"
2000,KENTUCKY,"2000, KENTUCKY",0.4227238473432342,1,1,0,3685296.0,0.7,93.3,25.0,"BUSH, GEORGE W.","GORE, AL"
2000,LOUISIANA,"2000, LOUISIANA",0.4606075403365277,1,1,0,4219973.0,0.3,97.7,24.0,"BUSH, GEORGE W.","GORE, AL"
2000,MAINE,"2000, MAINE",0.5274784154100042,1,1,0,1227928.0,9.2,39.8,38.0,"BUSH, GEORGE W.","GORE, AL"
2000,MARYLAND,"2000, MARYLAND",0.584322989424543,1,1,0,4781468.0,13.4,492.6,7.0,"BUSH, GEORGE W.","GORE, AL"
2000,MASSACHUSETTS,"2000, MASSACHUSETTS",0.6478934376063381,1,1,1,6016425.0,4.9,771.3,5.0,"BUSH, GEORGE W.","GORE, AL"
2000,MICHIGAN,"2000, MICHIGAN",0.5263460648173409,1,1,0,9295297.0,0.4,164.4,16.0,"BUSH, GEORGE W.","GORE, AL"
2000,MINNESOTA,"2000, MINNESOTA",0.5128641197581132,1,1,1,4375099.0,7.3,54.9,33.0,"BUSH, GEORGE W.","GORE, AL"
2000,MISSISSIPPI,"2000, MISSISSIPPI",0.4139451516075371,0,0,0,2573216.0,2.1,54.8,34.0,"BUSH, GEORGE W.","GORE, AL"
2000,MISSOURI,"2000, MISSOURI",0.4828805134324933,1,1,0,5117073.0,4.1,74.4,29.0,"BUSH, GEORGE W.","GORE, AL"
2000,MONTANA,"2000, MONTANA",0.3634363802133028,0,1,0,799065.0,1.6,5.5,50.0,"BUSH, GEORGE W.","GORE, AL"
2000,NEBRASKA,"2000, NEBRASKA",0.3482051913791497,0,0,0,1578385.0,0.5,20.5,44.0,"BUSH, GEORGE W.","GORE, AL"
2000,NEVADA,"2000, NEVADA",0.4814316150032757,1,1,0,1201833.0,50.1,10.9,47.0,"BUSH, GEORGE W.","GORE, AL"
2000,NEW HAMPSHIRE,"2000, NEW HAMPSHIRE",0.4933219980478119,1,1,0,1109252.0,20.5,123.9,20.0,"BUSH, GEORGE W.","GORE, AL"
2000,NEW JERSEY,"2000, NEW JERSEY",0.5821140941672093,1,1,0,7730188.0,5.0,1051.1,2.0,"BUSH, GEORGE W.","GORE, AL"
2000,NEW MEXICO,"2000, NEW MEXICO",0.5003192602930914,1,1,0,1515069.0,16.3,12.5,45.0,"BUSH, GEORGE W.","GORE, AL"
2000,NEW YORK,"2000, NEW YORK",0.6357599158301068,1,1,1,17990455.0,2.5,381.7,8.0,"BUSH, GEORGE W.","GORE, AL"
2000,NORTH CAROLINA,"2000, NORTH CAROLINA",0.4353600301849695,0,0,0,6628637.0,12.7,136.3,19.0,"BUSH, GEORGE W.","GORE, AL"
2000,NORTH DAKOTA,"2000, NORTH DAKOTA",0.3527260342938372,0,0,0,638800.0,-2.1,9.3,48.0,"BUSH, GEORGE W.","GORE, AL"
2000,OHIO,"2000, OHIO",0.4816127777933392,1,1,0,10847115.0,0.5,265.5,11.0,"BUSH, GEORGE W.","GORE, AL"
2000,OKLAHOMA,"2000, OKLAHOMA",0.3891932877788108,0,0,0,3145585.0,4.0,45.9,36.0,"BUSH, GEORGE W.","GORE, AL"
2000,OREGON,"2000, OREGON",0.5023589198553057,1,1,1,2842321.0,7.9,29.6,42.0,"BUSH, GEORGE W.","GORE, AL"
2000,PENNSYLVANIA,"2000, PENNSYLVANIA",0.5214847871680315,1,1,0,11881643.0,0.1,265.6,10.0,"BUSH, GEORGE W.","GORE, AL"
2000,RHODE ISLAND,"2000, RHODE ISLAND",0.6564911606759932,1,1,1,1003464.0,5.9,970.6,4.0,"BUSH, GEORGE W.","GORE, AL"
2000,SOUTH CAROLINA,"2000, SOUTH CAROLINA",0.4183789393234974,0,0,0,3486703.0,11.7,116.0,22.0,"BUSH, GEORGE W.","GORE, AL"
2000,SOUTH DAKOTA,"2000, SOUTH DAKOTA",0.3838528742762613,0,0,0,696004.0,0.8,9.2,49.0,"BUSH, GEORGE W.","GORE, AL"
2000,TENNESSEE,"2000, TENNESSEE",0.4803713321482099,1,1,0,4877185.0,6.2,118.3,21.0,"BUSH, GEORGE W.","GORE, AL"
2000,TEXAS,"2000, TEXAS",0.3904372985143706,0,0,0,16986510.0,19.4,65.0,31.0,"BUSH, GEORGE W.","GORE, AL"
2000,UTAH,"2000, UTAH",0.2827449456867586,0,0,0,1722850.0,17.9,21.0,43.0,"BUSH, GEORGE W.","GORE, AL"
2000,VERMONT,"2000, VERMONT",0.554403508967734,1,1,0,562758.0,10.0,61.1,32.0,"BUSH, GEORGE W.","GORE, AL"
2000,VIRGINIA,"2000, VIRGINIA",0.4585276369416675,0,0,0,6187358.0,15.7,156.7,17.0,"BUSH, GEORGE W.","GORE, AL"
2000,WASHINGTON,"2000, WASHINGTON",0.5294477100940541,1,1,1,4866692.0,17.8,73.2,30.0,"BUSH, GEORGE W.","GORE, AL"
2000,WEST VIRGINIA,"2000, WEST VIRGINIA",0.4675792598406258,1,1,1,1793477.0,-8.0,74.6,28.0,"BUSH, GEORGE W.","GORE, AL"
2000,WISCONSIN,"2000, WISCONSIN",0.5011506830315781,1,1,1,4891769.0,4.0,90.3,26.0,"BUSH, GEORGE W.","GORE, AL"
2000,WYOMING,"2000, WYOMING",0.2901769435968296,0,0,0,453588.0,-3.4,4.7,51.0,"BUSH, GEORGE W.","GORE, AL"
2004,ALABAMA,"2004, ALABAMA",0.3710222864771775,0,0,0,4447100.0,10.1,87.8,28.0,"BUSH, GEORGE W.","KERRY, JOHN"
2004,ALASKA,"2004, ALASKA",0.3677371701875368,0,0,0,626932.0,14.0,1.1,52.0,"BUSH, GEORGE W.","KERRY, JOHN"
2004,ARIZONA,"2004, ARIZONA",0.4472499496951174,0,1,0,5130632.0,40.0,45.2,38.0,"BUSH, GEORGE W.","KERRY, JOHN"
2004,ARKANSAS,"2004, ARKANSAS",0.4506425174833222,0,1,1,2673400.0,13.7,51.4,36.0,"BUSH, GEORGE W.","KERRY, JOHN"
2004,CALIFORNIA,"2004, CALIFORNIA",0.5504132045282245,1,1,1,33871648.0,13.8,217.4,14.0,"BUSH, GEORGE W.","KERRY, JOHN"
2004,COLORADO,"2004, COLORADO",0.4763377044175736,0,0,1,4301261.0,30.6,41.5,39.0,"BUSH, GEORGE W.","KERRY, JOHN"
2004,CONNECTICUT,"2004, CONNECTICUT",0.5527494756058412,1,1,1,3405565.0,3.6,703.3,6.0,"BUSH, GEORGE W.","KERRY, JOHN"
2004,DELAWARE,"2004, DELAWARE",0.5383150624509161,1,1,1,783600.0,17.6,402.1,9.0,"BUSH, GEORGE W.","KERRY, JOHN"
2004,DISTRICT OF COLUMBIA,"2004, DISTRICT OF COLUMBIA",0.9052027864743608,1,1,1,572059.0,-5.7,9370.6,1.0,"BUSH, GEORGE W.","KERRY, JOHN"
2004,FLORIDA,"2004, FLORIDA",0.4747632042433121,0,1,0,15982378.0,23.5,298.0,10.0,"BUSH, GEORGE W.","KERRY, JOHN"
2004,GEORGIA,"2004, GEORGIA",0.4164576730359044,0,0,1,8186453.0,26.4,142.3,20.0,"BUSH, GEORGE W.","KERRY, JOHN"
2004,HAWAII,"2004, HAWAII",0.5440444800293027,1,1,1,1211537.0,9.3,188.6,15.0,"BUSH, GEORGE W.","KERRY, JOHN"
2004,IDAHO,"2004, IDAHO",0.306772618166357,0,0,0,1293953.0,28.5,15.7,46.0,"BUSH, GEORGE W.","KERRY, JOHN"
2004,ILLINOIS,"2004, ILLINOIS",0.5520863404955345,1,1,1,12419293.0,8.6,223.7,13.0,"BUSH, GEORGE W.","KERRY, JOHN"
2004,INDIANA,"2004, INDIANA",0.3957652375034154,0,0,0,6080485.0,9.7,169.7,18.0,"BUSH, GEORGE W.","KERRY, JOHN"
2004,IOWA,"2004, IOWA",0.4966332073728708,1,1,1,2926324.0,5.4,52.4,35.0,"BUSH, GEORGE W.","KERRY, JOHN"
2004,KANSAS,"2004, KANSAS",0.3713290121891777,0,0,0,2688418.0,8.5,32.9,42.0,"BUSH, GEORGE W.","KERRY, JOHN"
2004,KENTUCKY,"2004, KENTUCKY",0.3999238008452607,0,1,1,4041769.0,9.7,102.4,25.0,"BUSH, GEORGE W.","KERRY, JOHN"
2004,LOUISIANA,"2004, LOUISIANA",0.4266905873075651,0,1,1,4468976.0,5.9,103.4,24.0,"BUSH, GEORGE W.","KERRY, JOHN"
2004,MAINE,"2004, MAINE",0.545830164103086,1,1,1,1274923.0,3.8,41.3,40.0,"BUSH, GEORGE W.","KERRY, JOHN"
2004,MARYLAND,"2004, MARYLAND",0.5656571308191792,1,1,1,5296486.0,10.8,545.6,7.0,"BUSH, GEORGE W.","KERRY, JOHN"
2004,MARYLAND,"2004, MARYLAND",0.5656571308191792,1,1,1,5296486.0,10.8,545.6,7.0,"BUSH, GEORGE W.",OTHER
2004,MASSACHUSETTS,"2004, MASSACHUSETTS",0.6274285551299189,1,1,1,6349097.0,5.5,814.0,5.0,"BUSH, GEORGE W.","KERRY, JOHN"
2004,MICHIGAN,"2004, MICHIGAN",0.5172584446796521,1,1,1,9938444.0,6.9,175.8,17.0,"BUSH, GEORGE W.","KERRY, JOHN"
2004,MINNESOTA,"2004, MINNESOTA",0.5176091061066895,1,1,1,4919479.0,12.4,61.8,33.0,"BUSH, GEORGE W.","KERRY, JOHN"
2004,MISSISSIPPI,"2004, MISSISSIPPI",0.4049499923037863,0,0,0,2844658.0,10.5,60.6,34.0,"BUSH, GEORGE W.","KERRY, JOHN"
2004,MISSOURI,"2004, MISSOURI",0.4638028733456015,0,1,1,5595211.0,9.3,81.4,29.0,"BUSH, GEORGE W.","KERRY, JOHN"
2004,MONTANA,"2004, MONTANA",0.3949992382433664,0,0,1,902195.0,12.9,6.2,50.0,"BUSH, GEORGE W.","KERRY, JOHN"
2004,NEBRASKA,"2004, NEBRASKA",0.331526627404053,0,0,0,1711263.0,8.4,22.3,44.0,"BUSH, GEORGE W.","KERRY, JOHN"
2004,NEVADA,"2004, NEVADA",0.486824042751385,0,1,1,1998257.0,66.3,18.2,45.0,"BUSH, GEORGE W.","KERRY, JOHN"
2004,NEW HAMPSHIRE,"2004, NEW HAMPSHIRE",0.5069028862013731,0,1,1,1235786.0,11.4,138.0,22.0,"BUSH, GEORGE W.","KERRY, JOHN"
2004,NEW JERSEY,"2004, NEW JERSEY",0.5337053631884221,1,1,1,8414350.0,8.9,1144.2,2.0,"BUSH, GEORGE W.","KERRY, JOHN"
2004,NEW MEXICO,"2004, NEW MEXICO",0.4959966411364511,1,1,1,1819046.0,20.1,15.0,47.0,"BUSH, GEORGE W.","KERRY, JOHN"
2004,NEW YORK,"2004, NEW YORK",0.5982979065644611,1,1,1,18976457.0,5.5,402.7,8.0,"BUSH, GEORGE W.","KERRY, JOHN"
2004,NORTH CAROLINA,"2004, NORTH CAROLINA",0.4375802799815888,0,0,0,8049313.0,21.4,165.6,19.0,"BUSH, GEORGE W.","KERRY, JOHN"
2004,NORTH DAKOTA,"2004, NORTH DAKOTA",0.3609064585005671,0,0,0,642200.0,0.5,9.3,49.0,"BUSH, GEORGE W.","KERRY, JOHN"
2004,OHIO,"2004, OHIO",0.4894125599521079,0,1,1,11353140.0,4.7,277.8,11.0,"BUSH, GEORGE W.","KERRY, JOHN"
2004,OKLAHOMA,"2004, OKLAHOMA",0.3442959833524394,0,0,0,3450654.0,9.7,50.3,37.0,"BUSH, GEORGE W.","KERRY, JOHN"
2004,OREGON,"2004, OREGON",0.5210862577445008,1,1,1,3421399.0,20.4,35.6,41.0,"BUSH, GEORGE W.","KERRY, JOHN"
2004,PENNSYLVANIA,"2004, PENNSYLVANIA",0.5125828209706239,1,1,1,12281054.0,3.4,274.5,12.0,"BUSH, GEORGE W.","KERRY, JOHN"
2004,RHODE ISLAND,"2004, RHODE ISLAND",0.6057751057587814,1,1,1,1048319.0,4.5,1014.0,4.0,"BUSH, GEORGE W.","KERRY, JOHN"
2004,SOUTH CAROLINA,"2004, SOUTH CAROLINA",0.4136354174025079,0,0,0,4012012.0,15.1,133.5,23.0,"BUSH, GEORGE W.","KERRY, JOHN"
2004,SOUTH DAKOTA,"2004, SOUTH DAKOTA",0.3908670919890631,0,0,0,754844.0,8.5,10.0,48.0,"BUSH, GEORGE W.","KERRY, JOHN"
2004,TENNESSEE,"2004, TENNESSEE",0.4281455454525927,0,1,1,5689283.0,16.7,138.0,21.0,"BUSH, GEORGE W.","KERRY, JOHN"
2004,TEXAS,"2004, TEXAS",0.3848980810289008,0,0,0,20851820.0,22.8,79.8,30.0,"BUSH, GEORGE W.","KERRY, JOHN"
2004,UTAH,"2004, UTAH",0.2665356083987796,0,0,0,2233169.0,29.6,27.2,43.0,"BUSH, GEORGE W.","KERRY, JOHN"
2004,VERMONT,"2004, VERMONT",0.6030100213925116,1,1,1,608827.0,8.2,66.1,32.0,"BUSH, GEORGE W.","KERRY, JOHN"
2004,VIRGINIA,"2004, VIRGINIA",0.4586630328646994,0,0,0,7078515.0,14.4,179.2,16.0,"BUSH, GEORGE W.","KERRY, JOHN"
2004,WASHINGTON,"2004, WASHINGTON",0.5364653768345296,1,1,1,5894121.0,21.1,88.7,27.0,"BUSH, GEORGE W.","KERRY, JOHN"
2004,WEST VIRGINIA,"2004, WEST VIRGINIA",0.4352028937025451,0,1,1,1808344.0,0.8,75.2,31.0,"BUSH, GEORGE W.","KERRY, JOHN"
2004,WISCONSIN,"2004, WISCONSIN",0.5019180327426924,1,1,1,5363675.0,9.6,99.0,26.0,"BUSH, GEORGE W.","KERRY, JOHN"
2004,WYOMING,"2004, WYOMING",0.2968729682682829,0,0,0,493782.0,8.9,5.1,51.0,"BUSH, GEORGE W.","KERRY, JOHN"
2008,ALABAMA,"2008, ALABAMA",0.3910909724642732,0,0,0,4447100.0,10.1,87.8,28.0,"MCCAIN, JOHN","OBAMA, BARACK H."
2008,ALASKA,"2008, ALASKA",0.389352150834029,0,0,0,626932.0,14.0,1.1,52.0,"MCCAIN, JOHN","OBAMA, BARACK H."
2008,ARIZONA,"2008, ARIZONA",0.4568609928038368,0,0,1,5130632.0,40.0,45.2,38.0,"MCCAIN, JOHN","OBAMA, BARACK H."
2008,ARKANSAS,"2008, ARKANSAS",0.3982827938928274,0,0,1,2673400.0,13.7,51.4,36.0,"MCCAIN, JOHN","OBAMA, BARACK H."
2008,CALIFORNIA,"2008, CALIFORNIA",0.622784495915854,1,1,1,33871648.0,13.8,217.4,14.0,"MCCAIN, JOHN","OBAMA, BARACK H."
2008,COLORADO,"2008, COLORADO",0.5455063469317343,0,0,0,4301261.0,30.6,41.5,39.0,"MCCAIN, JOHN","OBAMA, BARACK H."
2008,CONNECTICUT,"2008, CONNECTICUT",0.6131833824975418,1,1,1,3405565.0,3.6,703.3,6.0,"MCCAIN, JOHN","OBAMA, BARACK H."
2008,DELAWARE,"2008, DELAWARE",0.6263813864988855,1,1,1,783600.0,17.6,402.1,9.0,"MCCAIN, JOHN","OBAMA, BARACK H."
2008,DISTRICT OF COLUMBIA,"2008, DISTRICT OF COLUMBIA",0.9340076833341566,1,1,1,572059.0,-5.7,9370.6,1.0,"MCCAIN, JOHN","OBAMA, BARACK H."
2008,FLORIDA,"2008, FLORIDA",0.514196600308993,0,0,1,15982378.0,23.5,298.0,10.0,"MCCAIN, JOHN","OBAMA, BARACK H."
2008,GEORGIA,"2008, GEORGIA",0.4737166448918821,0,0,0,8186453.0,26.4,142.3,20.0,"MCCAIN, JOHN","OBAMA, BARACK H."
2008,HAWAII,"2008, HAWAII",0.7299372587845542,1,1,1,1211537.0,9.3,188.6,15.0,"MCCAIN, JOHN","OBAMA, BARACK H."
2008,IDAHO,"2008, IDAHO",0.3697541019497945,0,0,0,1293953.0,28.5,15.7,46.0,"MCCAIN, JOHN","OBAMA, BARACK H."
2008,ILLINOIS,"2008, ILLINOIS",0.6273426404455936,1,1,1,12419293.0,8.6,223.7,13.0,"MCCAIN, JOHN","OBAMA, BARACK H."
2008,INDIANA,"2008, INDIANA",0.5052195344537809,0,0,0,6080485.0,9.7,169.7,18.0,"MCCAIN, JOHN","OBAMA, BARACK H."
2008,IOWA,"2008, IOWA",0.5484877778946735,0,1,1,2926324.0,5.4,52.4,35.0,"MCCAIN, JOHN","OBAMA, BARACK H."
2008,KANSAS,"2008, KANSAS",0.4238772418109056,0,0,0,2688418.0,8.5,32.9,42.0,"MCCAIN, JOHN","OBAMA, BARACK H."
2008,KENTUCKY,"2008, KENTUCKY",0.4176657241229539,0,0,1,4041769.0,9.7,102.4,25.0,"MCCAIN, JOHN","OBAMA, BARACK H."
2008,LOUISIANA,"2008, LOUISIANA",0.4054282583841463,0,0,1,4468976.0,5.9,103.4,24.0,"MCCAIN, JOHN","OBAMA, BARACK H."
2008,MAINE,"2008, MAINE",0.588295249834076,1,1,1,1274923.0,3.8,41.3,40.0,"MCCAIN, JOHN","OBAMA, BARACK H."
2008,MARYLAND,"2008, MARYLAND",0.6293008729288553,1,1,1,5296486.0,10.8,545.6,7.0,"MCCAIN, JOHN","OBAMA, BARACK H."
2008,MASSACHUSETTS,"2008, MASSACHUSETTS",0.6319707821335295,1,1,1,6349097.0,5.5,814.0,5.0,"MCCAIN, JOHN","OBAMA, BARACK H."
2008,MICHIGAN,"2008, MICHIGAN",0.5837130157615452,1,1,1,9938444.0,6.9,175.8,17.0,"MCCAIN, JOHN","OBAMA, BARACK H."
2008,MINNESOTA,"2008, MINNESOTA",0.5522937499539273,1,1,1,4919479.0,12.4,61.8,33.0,"MCCAIN, JOHN","OBAMA, BARACK H."
2008,MISSISSIPPI,"2008, MISSISSIPPI",0.4335806900713616,0,0,0,2844658.0,10.5,60.6,34.0,"MCCAIN, JOHN","OBAMA, BARACK H."
2008,MISSOURI,"2008, MISSOURI",0.4993242085032335,0,0,1,5595211.0,9.3,81.4,29.0,"MCCAIN, JOHN","OBAMA, BARACK H."
2008,MONTANA,"2008, MONTANA",0.4883059671605927,0,0,0,902195.0,12.9,6.2,50.0,"MCCAIN, JOHN","OBAMA, BARACK H."
2008,NEBRASKA,"2008, NEBRASKA",0.4239092557783436,0,0,0,1711263.0,8.4,22.3,44.0,"MCCAIN, JOHN","OBAMA, BARACK H."
2008,NEVADA,"2008, NEVADA",0.563867381251961,0,0,1,1998257.0,66.3,18.2,45.0,"MCCAIN, JOHN","OBAMA, BARACK H."
2008,NEW HAMPSHIRE,"2008, NEW HAMPSHIRE",0.548685411201095,1,0,1,1235786.0,11.4,138.0,22.0,"MCCAIN, JOHN","OBAMA, BARACK H."
2008,NEW JERSEY,"2008, NEW JERSEY",0.5786462987142394,1,1,1,8414350.0,8.9,1144.2,2.0,"MCCAIN, JOHN","OBAMA, BARACK H."
2008,NEW MEXICO,"2008, NEW MEXICO",0.5766490001879759,0,1,1,1819046.0,20.1,15.0,47.0,"MCCAIN, JOHN","OBAMA, BARACK H."
2008,NEW YORK,"2008, NEW YORK",0.6576385737978426,1,1,1,18976457.0,5.5,402.7,8.0,"MCCAIN, JOHN","OBAMA, BARACK H."
2008,NORTH CAROLINA,"2008, NORTH CAROLINA",0.5016596330006732,0,0,0,8049313.0,21.4,165.6,19.0,"MCCAIN, JOHN","OBAMA, BARACK H."
2008,NORTH DAKOTA,"2008, NORTH DAKOTA",0.4559134371803188,0,0,0,642200.0,0.5,9.3,49.0,"MCCAIN, JOHN","OBAMA, BARACK H."
2008,OHIO,"2008, OHIO",0.5233384076225412,0,0,1,11353140.0,4.7,277.8,11.0,"MCCAIN, JOHN","OBAMA, BARACK H."
2008,OKLAHOMA,"2008, OKLAHOMA",0.343549188773065,0,0,0,3450654.0,9.7,50.3,37.0,"MCCAIN, JOHN","OBAMA, BARACK H."
2008,OREGON,"2008, OREGON",0.5841372117722718,1,1,1,3421399.0,20.4,35.6,41.0,"MCCAIN, JOHN","OBAMA, BARACK H."
2008,PENNSYLVANIA,"2008, PENNSYLVANIA",0.5522970381548445,1,1,1,12281054.0,3.4,274.5,12.0,"MCCAIN, JOHN","OBAMA, BARACK H."
2008,RHODE ISLAND,"2008, RHODE ISLAND",0.6419813750914577,1,1,1,1048319.0,4.5,1014.0,4.0,"MCCAIN, JOHN","OBAMA, BARACK H."
2008,SOUTH CAROLINA,"2008, SOUTH CAROLINA",0.4545557081079087,0,0,0,4012012.0,15.1,133.5,23.0,"MCCAIN, JOHN","OBAMA, BARACK H."
2008,SOUTH DAKOTA,"2008, SOUTH DAKOTA",0.4570429276588462,0,0,0,754844.0,8.5,10.0,48.0,"MCCAIN, JOHN","OBAMA, BARACK H."
2008,TENNESSEE,"2008, TENNESSEE",0.4236852819764554,0,0,1,5689283.0,16.7,138.0,21.0,"MCCAIN, JOHN","OBAMA, BARACK H."
2008,TEXAS,"2008, TEXAS",0.4406406324905928,0,0,0,20851820.0,22.8,79.8,30.0,"MCCAIN, JOHN","OBAMA, BARACK H."
2008,UTAH,"2008, UTAH",0.3547363862725993,0,0,0,2233169.0,29.6,27.2,43.0,"MCCAIN, JOHN","OBAMA, BARACK H."
2008,VERMONT,"2008, VERMONT",0.688991817393381,1,1,1,608827.0,8.2,66.1,32.0,"MCCAIN, JOHN","OBAMA, BARACK H."
2008,VIRGINIA,"2008, VIRGINIA",0.5318258440612755,0,0,0,7078515.0,14.4,179.2,16.0,"MCCAIN, JOHN","OBAMA, BARACK H."
2008,WASHINGTON,"2008, WASHINGTON",0.5875202680210895,1,1,1,5894121.0,21.1,88.7,27.0,"MCCAIN, JOHN","OBAMA, BARACK H."
2008,WEST VIRGINIA,"2008, WEST VIRGINIA",0.4332625623286275,0,0,1,1808344.0,0.8,75.2,31.0,"MCCAIN, JOHN","OBAMA, BARACK H."
2008,WISCONSIN,"2008, WISCONSIN",0.5705567824781841,1,1,1,5363675.0,9.6,99.0,26.0,"MCCAIN, JOHN","OBAMA, BARACK H."
2008,WYOMING,"2008, WYOMING",0.3343797664490409,0,0,0,493782.0,8.9,5.1,51.0,"MCCAIN, JOHN","OBAMA, BARACK H."
2012,ALABAMA,"2012, ALABAMA",0.3878377146656229,0,0,0,4779736.0,7.5,94.4,29.0,"ROMNEY, MITT","OBAMA, BARACK H."
2012,ALASKA,"2012, ALASKA",0.4268470951843963,0,0,0,710231.0,13.3,1.2,52.0,"ROMNEY, MITT","OBAMA, BARACK H."
2012,ARIZONA,"2012, ARIZONA",0.4538661977629681,0,0,0,6392017.0,24.6,56.3,35.0,"ROMNEY, MITT","OBAMA, BARACK H."
2012,ARKANSAS,"2012, ARKANSAS",0.3784559464877038,0,0,0,2915918.0,9.1,56.0,36.0,"ROMNEY, MITT","OBAMA, BARACK H."
2012,CALIFORNIA,"2012, CALIFORNIA",0.6187281116329663,1,1,1,37253956.0,10.0,239.1,13.0,"ROMNEY, MITT","OBAMA, BARACK H."
2012,COLORADO,"2012, COLORADO",0.5274798831420252,1,0,0,5029196.0,16.9,48.5,39.0,"ROMNEY, MITT","OBAMA, BARACK H."
2012,CONNECTICUT,"2012, CONNECTICUT",0.587725774769071,1,1,1,3574097.0,4.9,738.1,6.0,"ROMNEY, MITT","OBAMA, BARACK H."
2012,DELAWARE,"2012, DELAWARE",0.5944695491927816,1,1,1,897934.0,14.6,460.8,8.0,"ROMNEY, MITT","OBAMA, BARACK H."
2012,DISTRICT OF COLUMBIA,"2012, DISTRICT OF COLUMBIA",0.9258764920211752,1,1,1,601723.0,5.2,9856.5,1.0,"ROMNEY, MITT","OBAMA, BARACK H."
2012,FLORIDA,"2012, FLORIDA",0.5044225213936623,1,0,0,18801310.0,17.6,350.6,10.0,"ROMNEY, MITT","OBAMA, BARACK H."
2012,GEORGIA,"2012, GEORGIA",0.4604335090194327,0,0,0,9687653.0,18.3,168.4,20.0,"ROMNEY, MITT","OBAMA, BARACK H."
2012,HAWAII,"2012, HAWAII",0.7170384850107442,1,1,1,1360301.0,12.3,211.8,15.0,"ROMNEY, MITT","OBAMA, BARACK H."
2012,IDAHO,"2012, IDAHO",0.3357861315642467,0,0,0,1567582.0,21.1,19.0,46.0,"ROMNEY, MITT","OBAMA, BARACK H."
2012,ILLINOIS,"2012, ILLINOIS",0.585775233921169,1,1,1,12830632.0,3.3,231.1,14.0,"ROMNEY, MITT","OBAMA, BARACK H."
2012,INDIANA,"2012, INDIANA",0.447996254026727,1,0,0,6483802.0,6.6,181.0,18.0,"ROMNEY, MITT","OBAMA, BARACK H."
2012,IOWA,"2012, IOWA",0.5295935192810017,1,0,1,3046355.0,4.1,54.5,38.0,"ROMNEY, MITT","OBAMA, BARACK H."
2012,KANSAS,"2012, KANSAS",0.3888667325474694,0,0,0,2853118.0,6.1,34.9,42.0,"ROMNEY, MITT","OBAMA, BARACK H."
2012,KENTUCKY,"2012, KENTUCKY",0.3845722760619509,0,0,0,4339367.0,7.4,109.9,24.0,"ROMNEY, MITT","OBAMA, BARACK H."
2012,LOUISIANA,"2012, LOUISIANA",0.4125317438588602,0,0,0,4533372.0,1.4,104.9,26.0,"ROMNEY, MITT","OBAMA, BARACK H."
2012,MAINE,"2012, MAINE",0.5785992139357711,1,1,1,1328361.0,4.2,43.1,40.0,"ROMNEY, MITT","OBAMA, BARACK H."
2012,MARYLAND,"2012, MARYLAND",0.6332172578690598,1,1,1,5773552.0,9.0,594.8,7.0,"ROMNEY, MITT","OBAMA, BARACK H."
2012,MASSACHUSETTS,"2012, MASSACHUSETTS",0.6178568074906001,1,1,1,6547629.0,3.1,839.4,5.0,"ROMNEY, MITT","OBAMA, BARACK H."
2012,MICHIGAN,"2012, MICHIGAN",0.5480053207117788,1,1,1,9883640.0,-0.6,174.8,19.0,"ROMNEY, MITT","OBAMA, BARACK H."
2012,MINNESOTA,"2012, MINNESOTA",0.5394122646169819,1,1,1,5303925.0,7.8,66.6,33.0,"ROMNEY, MITT","OBAMA, BARACK H."
2012,MISSISSIPPI,"2012, MISSISSIPPI",0.4419810080121222,0,0,0,2967297.0,4.3,63.2,34.0,"ROMNEY, MITT","OBAMA, BARACK H."
2012,MISSOURI,"2012, MISSOURI",0.4522133324662002,0,0,0,5988927.0,7.0,87.1,30.0,"ROMNEY, MITT","OBAMA, BARACK H."
2012,MONTANA,"2012, MONTANA",0.4296576813611854,0,0,0,989415.0,9.7,6.8,50.0,"ROMNEY, MITT","OBAMA, BARACK H."
2012,NEBRASKA,"2012, NEBRASKA",0.3887060973177463,0,0,0,1826341.0,6.7,23.8,45.0,"ROMNEY, MITT","OBAMA, BARACK H."
2012,NEVADA,"2012, NEVADA",0.5340754216334653,1,0,0,2700551.0,35.1,24.6,44.0,"ROMNEY, MITT","OBAMA, BARACK H."
2012,NEW HAMPSHIRE,"2012, NEW HAMPSHIRE",0.528337519782581,1,1,0,1316470.0,6.5,147.0,23.0,"ROMNEY, MITT","OBAMA, BARACK H."
2012,NEW JERSEY,"2012, NEW JERSEY",0.5895196555058577,1,1,1,8791894.0,4.5,1195.5,2.0,"ROMNEY, MITT","OBAMA, BARACK H."
2012,NEW MEXICO,"2012, NEW MEXICO",0.5529520464690869,1,0,1,2059179.0,13.2,17.0,47.0,"ROMNEY, MITT","OBAMA, BARACK H."
2012,NEW YORK,"2012, NEW YORK",0.6604269487027739,1,1,1,19378102.0,2.1,411.2,9.0,"ROMNEY, MITT","OBAMA, BARACK H."
2012,NORTH CAROLINA,"2012, NORTH CAROLINA",0.48965965096995,1,0,0,9535483.0,18.5,196.1,17.0,"ROMNEY, MITT","OBAMA, BARACK H."
2012,NORTH DAKOTA,"2012, NORTH DAKOTA",0.3988879171108827,0,0,0,672591.0,4.7,9.7,49.0,"ROMNEY, MITT","OBAMA, BARACK H."
2012,OHIO,"2012, OHIO",0.5151405676924949,1,0,0,11536504.0,1.6,282.3,12.0,"ROMNEY, MITT","OBAMA, BARACK H."
2012,OKLAHOMA,"2012, OKLAHOMA",0.3322768025698344,0,0,0,3751351.0,8.7,54.7,37.0,"ROMNEY, MITT","OBAMA, BARACK H."
2012,OREGON,"2012, OREGON",0.5627116717874738,1,1,1,3831074.0,12.0,39.9,41.0,"ROMNEY, MITT","OBAMA, BARACK H."
2012,PENNSYLVANIA,"2012, PENNSYLVANIA",0.5273193400189182,1,1,1,12702379.0,3.4,283.9,11.0,"ROMNEY, MITT","OBAMA, BARACK H."
2012,RHODE ISLAND,"2012, RHODE ISLAND",0.6401674597888212,1,1,1,1052567.0,0.4,1018.1,4.0,"ROMNEY, MITT","OBAMA, BARACK H."
2012,SOUTH CAROLINA,"2012, SOUTH CAROLINA",0.4469174529543462,0,0,0,4625364.0,15.3,153.9,22.0,"ROMNEY, MITT","OBAMA, BARACK H."
2012,SOUTH DAKOTA,"2012, SOUTH DAKOTA",0.4078150086180476,0,0,0,814180.0,7.9,10.7,48.0,"ROMNEY, MITT","OBAMA, BARACK H."
2012,TENNESSEE,"2012, TENNESSEE",0.3964892847370595,0,0,0,6346105.0,11.5,153.9,21.0,"ROMNEY, MITT","OBAMA, BARACK H."
2012,TEXAS,"2012, TEXAS",0.4199210278489361,0,0,0,25145561.0,20.6,96.3,28.0,"ROMNEY, MITT","OBAMA, BARACK H."
2012,UTAH,"2012, UTAH",0.2537381110485252,0,0,0,2763885.0,23.8,33.6,43.0,"ROMNEY, MITT","OBAMA, BARACK H."
2012,VERMONT,"2012, VERMONT",0.6824725882639062,1,1,1,625741.0,2.8,67.9,32.0,"ROMNEY, MITT","OBAMA, BARACK H."
2012,VIRGINIA,"2012, VIRGINIA",0.5196737668876448,1,0,0,8001024.0,13.0,202.6,16.0,"ROMNEY, MITT","OBAMA, BARACK H."
2012,WASHINGTON,"2012, WASHINGTON",0.5762829827062185,1,1,1,6724540.0,14.1,101.2,27.0,"ROMNEY, MITT","OBAMA, BARACK H."
2012,WEST VIRGINIA,"2012, WEST VIRGINIA",0.3632570236795726,0,0,0,1852994.0,2.5,77.1,31.0,"ROMNEY, MITT","OBAMA, BARACK H."
2012,WISCONSIN,"2012, WISCONSIN",0.5346342998287241,1,1,1,5686986.0,6.0,105.0,25.0,"ROMNEY, MITT","OBAMA, BARACK H."
2012,WYOMING,"2012, WYOMING",0.2883936598847857,0,0,0,563626.0,14.1,5.8,51.0,"ROMNEY, MITT","OBAMA, BARACK H."
2016,ALABAMA,"2016, ALABAMA",0.3562585640603926,0,0,0,4779736.0,7.5,94.4,29.0,"TRUMP, DONALD J.","CLINTON, HILLARY"
2016,ALASKA,"2016, ALASKA",0.4161434528893193,0,0,0,710231.0,13.3,1.2,52.0,"TRUMP, DONALD J.","CLINTON, HILLARY"
2016,ARIZONA,"2016, ARIZONA",0.481108795538633,0,0,0,6392017.0,24.6,56.3,35.0,"TRUMP, DONALD J.","CLINTON, HILLARY"
2016,ARIZONA,"2016, ARIZONA",0.481108795538633,0,0,0,6392017.0,24.6,56.3,35.0,"TRUMP, DONALD J.",
2016,ARKANSAS,"2016, ARKANSAS",0.3571486231022953,0,0,0,2915918.0,9.1,56.0,36.0,"TRUMP, DONALD J.","CLINTON, HILLARY"
2016,CALIFORNIA,"2016, CALIFORNIA",0.6612822054272989,1,1,1,37253956.0,10.0,239.1,13.0,"TRUMP, DONALD J.","CLINTON, HILLARY"
2016,COLORADO,"2016, COLORADO",0.5268333337268244,1,1,0,5029196.0,16.9,48.5,39.0,"TRUMP, DONALD J.","CLINTON, HILLARY"
2016,CONNECTICUT,"2016, CONNECTICUT",0.5714154751726364,1,1,1,3574097.0,4.9,738.1,6.0,"TRUMP, DONALD J.","CLINTON, HILLARY"
2016,DELAWARE,"2016, DELAWARE",0.5599862144368122,1,1,1,897934.0,14.6,460.8,8.0,"TRUMP, DONALD J.","CLINTON, HILLARY"
2016,DISTRICT OF COLUMBIA,"2016, DISTRICT OF COLUMBIA",0.9569518834185408,1,1,1,601723.0,5.2,9856.5,1.0,"TRUMP, DONALD J.","CLINTON, HILLARY"
2016,FLORIDA,"2016, FLORIDA",0.4938116452722452,1,1,0,18801310.0,17.6,350.6,10.0,"TRUMP, DONALD J.","CLINTON, HILLARY"
2016,GEORGIA,"2016, GEORGIA",0.4733882740069678,0,0,0,9687653.0,18.3,168.4,20.0,"TRUMP, DONALD J.","CLINTON, HILLARY"
2016,HAWAII,"2016, HAWAII",0.6744133745053545,1,1,1,1360301.0,12.3,211.8,15.0,"TRUMP, DONALD J.","CLINTON, HILLARY"
2016,IDAHO,"2016, IDAHO",0.3168982331919441,0,0,0,1567582.0,21.1,19.0,46.0,"TRUMP, DONALD J.","CLINTON, HILLARY"
2016,ILLINOIS,"2016, ILLINOIS",0.5902005139071148,1,1,1,12830632.0,3.3,231.1,14.0,"TRUMP, DONALD J.","CLINTON, HILLARY"
2016,INDIANA,"2016, INDIANA",0.3988269047549193,0,1,0,6483802.0,6.6,181.0,18.0,"TRUMP, DONALD J.","CLINTON, HILLARY"
2016,IOWA,"2016, IOWA",0.4493645215487965,1,1,0,3046355.0,4.1,54.5,38.0,"TRUMP, DONALD J.","CLINTON, HILLARY"
2016,KANSAS,"2016, KANSAS",0.3888852965739333,0,0,0,2853118.0,6.1,34.9,42.0,"TRUMP, DONALD J.","CLINTON, HILLARY"
2016,KENTUCKY,"2016, KENTUCKY",0.3432937098249013,0,0,0,4339367.0,7.4,109.9,24.0,"TRUMP, DONALD J.","CLINTON, HILLARY"
2016,LOUISIANA,"2016, LOUISIANA",0.3982832276219221,0,0,0,4533372.0,1.4,104.9,26.0,"TRUMP, DONALD J.","CLINTON, HILLARY"
2016,MAINE,"2016, MAINE",0.5159679112916253,1,1,1,1328361.0,4.2,43.1,40.0,"TRUMP, DONALD J.","CLINTON, HILLARY"
2016,MARYLAND,"2016, MARYLAND",0.6401099550856516,1,1,1,5773552.0,9.0,594.8,7.0,"TRUMP, DONALD J.","CLINTON, HILLARY"
2016,MARYLAND,"2016, MARYLAND",0.6401099550856516,1,1,1,5773552.0,9.0,594.8,7.0,"TRUMP, DONALD J.","CLINTON, HILLARY"
2016,MARYLAND,"2016, MARYLAND",0.6401099550856516,1,1,1,5773552.0,9.0,594.8,7.0,"TRUMP, DONALD J.","CLINTON, HILLARY"
2016,MARYLAND,"2016, MARYLAND",0.6401099550856516,1,1,1,5773552.0,9.0,594.8,7.0,"TRUMP, DONALD J.","CLINTON, HILLARY"
2016,MASSACHUSETTS,"2016, MASSACHUSETTS",0.646512786896295,1,1,1,6547629.0,3.1,839.4,5.0,"TRUMP, DONALD J.","CLINTON, HILLARY"
2016,MICHIGAN,"2016, MICHIGAN",0.4988233178303845,1,1,1,9883640.0,-0.6,174.8,19.0,"TRUMP, DONALD J.","CLINTON, HILLARY"
2016,MINNESOTA,"2016, MINNESOTA",0.5083169370718048,1,1,1,5303925.0,7.8,66.6,33.0,"TRUMP, DONALD J.","CLINTON, HILLARY"
2016,MISSISSIPPI,"2016, MISSISSIPPI",0.4091015267593994,0,0,0,2967297.0,4.3,63.2,34.0,"TRUMP, DONALD J.","CLINTON, HILLARY"
2016,MISSOURI,"2016, MISSOURI",0.4018143900443393,0,0,0,5988927.0,7.0,87.1,30.0,"TRUMP, DONALD J.","CLINTON, HILLARY"
2016,MONTANA,"2016, MONTANA",0.3889033568297556,0,0,0,989415.0,9.7,6.8,50.0,"TRUMP, DONALD J.","CLINTON, HILLARY"
2016,NEBRASKA,"2016, NEBRASKA",0.3645232588682243,0,0,0,1826341.0,6.7,23.8,45.0,"TRUMP, DONALD J.","CLINTON, HILLARY"
2016,NEVADA,"2016, NEVADA",0.512937094199852,1,1,0,2700551.0,35.1,24.6,44.0,"TRUMP, DONALD J.","CLINTON, HILLARY"
2016,NEW HAMPSHIRE,"2016, NEW HAMPSHIRE",0.501970284423807,1,1,1,1316470.0,6.5,147.0,23.0,"TRUMP, DONALD J.","CLINTON, HILLARY"
2016,NEW JERSEY,"2016, NEW JERSEY",0.5728419014290129,1,1,1,8791894.0,4.5,1195.5,2.0,"TRUMP, DONALD J.","CLINTON, HILLARY"
2016,NEW MEXICO,"2016, NEW MEXICO",0.5465079493432411,1,1,0,2059179.0,13.2,17.0,47.0,"TRUMP, DONALD J.","CLINTON, HILLARY"
2016,NEW YORK,"2016, NEW YORK",0.6341150649977537,1,1,1,19378102.0,2.1,411.2,9.0,"TRUMP, DONALD J.","CLINTON, HILLARY"
2016,NORTH CAROLINA,"2016, NORTH CAROLINA",0.4809625419628128,0,1,0,9535483.0,18.5,196.1,17.0,"TRUMP, DONALD J.","CLINTON, HILLARY"
2016,NORTH DAKOTA,"2016, NORTH DAKOTA",0.3019075710348025,0,0,0,672591.0,4.7,9.7,49.0,"TRUMP, DONALD J.","CLINTON, HILLARY"
2016,OHIO,"2016, OHIO",0.4573231542286409,1,1,0,11536504.0,1.6,282.3,12.0,"TRUMP, DONALD J.","CLINTON, HILLARY"
2016,OKLAHOMA,"2016, OKLAHOMA",0.3069526276167186,0,0,0,3751351.0,8.7,54.7,37.0,"TRUMP, DONALD J.","CLINTON, HILLARY"
2016,OREGON,"2016, OREGON",0.5615583894505436,1,1,1,3831074.0,12.0,39.9,41.0,"TRUMP, DONALD J.","CLINTON, HILLARY"
2016,PENNSYLVANIA,"2016, PENNSYLVANIA",0.4962446419250984,1,1,1,12702379.0,3.4,283.9,11.0,"TRUMP, DONALD J.","CLINTON, HILLARY"
2016,RHODE ISLAND,"2016, RHODE ISLAND",0.5831070409265982,1,1,1,1052567.0,0.4,1018.1,4.0,"TRUMP, DONALD J.","CLINTON, HILLARY"
2016,SOUTH CAROLINA,"2016, SOUTH CAROLINA",0.4253974363947598,0,0,0,4625364.0,15.3,153.9,22.0,"TRUMP, DONALD J.","CLINTON, HILLARY"
2016,SOUTH DAKOTA,"2016, SOUTH DAKOTA",0.3402814192056875,0,0,0,814180.0,7.9,10.7,48.0,"TRUMP, DONALD J.","CLINTON, HILLARY"
2016,TENNESSEE,"2016, TENNESSEE",0.3637565695473801,0,0,0,6346105.0,11.5,153.9,21.0,"TRUMP, DONALD J.","CLINTON, HILLARY"
2016,TEXAS,"2016, TEXAS",0.4528677442202801,0,0,0,25145561.0,20.6,96.3,28.0,"TRUMP, DONALD J.","CLINTON, HILLARY"
2016,UTAH,"2016, UTAH",0.3761710165458871,0,0,0,2763885.0,23.8,33.6,43.0,"TRUMP, DONALD J.","CLINTON, HILLARY"
2016,VERMONT,"2016, VERMONT",0.6518642632382037,1,1,1,625741.0,2.8,67.9,32.0,"TRUMP, DONALD J.","CLINTON, HILLARY"
2016,VIRGINIA,"2016, VIRGINIA",0.528263762771547,1,1,0,8001024.0,13.0,202.6,16.0,"TRUMP, DONALD J.","CLINTON, HILLARY"
2016,WASHINGTON,"2016, WASHINGTON",0.5878693120006476,1,1,1,6724540.0,14.1,101.2,27.0,"TRUMP, DONALD J.","CLINTON, HILLARY"
2016,WEST VIRGINIA,"2016, WEST VIRGINIA",0.2783894774870422,0,0,0,1852994.0,2.5,77.1,31.0,"TRUMP, DONALD J.","CLINTON, HILLARY"
2016,WISCONSIN,"2016, WISCONSIN",0.4959201096197028,1,1,1,5686986.0,6.0,105.0,25.0,"TRUMP, DONALD J.","CLINTON, HILLARY"
2016,WYOMING,"2016, WYOMING",0.2429468037084621,0,0,0,563626.0,14.1,5.8,51.0,"TRUMP, DONALD J.","CLINTON, HILLARY"
2020,ALABAMA,"2020, ALABAMA",0.3708862516664528,0,0,0,4779736.0,7.5,94.4,29.0,"TRUMP, DONALD J.","BIDEN, JOSEPH R. JR"
2020,ALASKA,"2020, ALASKA",0.4473815127615069,0,0,0,710231.0,13.3,1.2,52.0,"TRUMP, DONALD J.","BIDEN, JOSEPH R. JR"
2020,ARIZONA,"2020, ARIZONA",0.5015683167912931,0,0,0,6392017.0,24.6,56.3,35.0,"TRUMP, DONALD J.","BIDEN, JOSEPH R. JR"
2020,ARKANSAS,"2020, ARKANSAS",0.3578756672201685,0,0,0,2915918.0,9.1,56.0,36.0,"TRUMP, DONALD J.","BIDEN, JOSEPH R. JR"
2020,CALIFORNIA,"2020, CALIFORNIA",0.6490891136066756,1,1,1,37253956.0,10.0,239.1,13.0,"TRUMP, DONALD J.","BIDEN, JOSEPH R. JR"
2020,COLORADO,"2020, COLORADO",0.5693831949230015,1,1,1,5029196.0,16.9,48.5,39.0,"TRUMP, DONALD J.","BIDEN, JOSEPH R. JR"
2020,CONNECTICUT,"2020, CONNECTICUT",0.6019504908807785,1,1,1,3574097.0,4.9,738.1,6.0,"TRUMP, DONALD J.","BIDEN, JOSEPH R. JR"
2020,DELAWARE,"2020, DELAWARE",0.5962674416498447,1,1,1,897934.0,14.6,460.8,8.0,"TRUMP, DONALD J.","BIDEN, JOSEPH R. JR"
2020,DISTRICT OF COLUMBIA,"2020, DISTRICT OF COLUMBIA",0.9446695384761944,1,1,1,601723.0,5.2,9856.5,1.0,"TRUMP, DONALD J.","BIDEN, JOSEPH R. JR"
2020,FLORIDA,"2020, FLORIDA",0.4830524533785844,0,1,1,18801310.0,17.6,350.6,10.0,"TRUMP, DONALD J.","BIDEN, JOSEPH R. JR"
2020,GEORGIA,"2020, GEORGIA",0.5011932966290864,0,0,0,9687653.0,18.3,168.4,20.0,"TRUMP, DONALD J.","BIDEN, JOSEPH R. JR"
2020,HAWAII,"2020, HAWAII",0.6503266464651488,1,1,1,1360301.0,12.3,211.8,15.0,"TRUMP, DONALD J.","BIDEN, JOSEPH R. JR"
2020,IDAHO,"2020, IDAHO",0.3412285707492213,0,0,0,1567582.0,21.1,19.0,46.0,"TRUMP, DONALD J.","BIDEN, JOSEPH R. JR"
2020,ILLINOIS,"2020, ILLINOIS",0.5865904373280693,1,1,1,12830632.0,3.3,231.1,14.0,"TRUMP, DONALD J.","BIDEN, JOSEPH R. JR"
2020,INDIANA,"2020, INDIANA",0.4180495199255704,0,0,1,6483802.0,6.6,181.0,18.0,"TRUMP, DONALD J.","BIDEN, JOSEPH R. JR"
2020,IOWA,"2020, IOWA",0.4581673691536295,0,1,1,3046355.0,4.1,54.5,38.0,"TRUMP, DONALD J.","BIDEN, JOSEPH R. JR"
2020,KANSAS,"2020, KANSAS",0.4250657174436865,0,0,0,2853118.0,6.1,34.9,42.0,"TRUMP, DONALD J.","BIDEN, JOSEPH R. JR"
2020,KENTUCKY,"2020, KENTUCKY",0.3679989709973703,0,0,0,4339367.0,7.4,109.9,24.0,"TRUMP, DONALD J.","BIDEN, JOSEPH R. JR"
2020,LOUISIANA,"2020, LOUISIANA",0.4053555954370895,0,0,0,4533372.0,1.4,104.9,26.0,"TRUMP, DONALD J.","BIDEN, JOSEPH R. JR"
2020,MAINE,"2020, MAINE",0.5467040458200397,1,1,1,1328361.0,4.2,43.1,40.0,"TRUMP, DONALD J.","BIDEN, JOSEPH R. JR"
2020,MARYLAND,"2020, MARYLAND",0.6702904704709234,1,1,1,5773552.0,9.0,594.8,7.0,"TRUMP, DONALD J.","BIDEN, JOSEPH R. JR"
2020,MASSACHUSETTS,"2020, MASSACHUSETTS",0.6711554954014815,1,1,1,6547629.0,3.1,839.4,5.0,"TRUMP, DONALD J.","BIDEN, JOSEPH R. JR"
2020,MICHIGAN,"2020, MICHIGAN",0.5141355934440947,0,1,1,9883640.0,-0.6,174.8,19.0,"TRUMP, DONALD J.","BIDEN, JOSEPH R. JR"
2020,MINNESOTA,"2020, MINNESOTA",0.5363951364856667,1,1,1,5303925.0,7.8,66.6,33.0,"TRUMP, DONALD J.","BIDEN, JOSEPH R. JR"
2020,MISSISSIPPI,"2020, MISSISSIPPI",0.4161501417261114,0,0,0,2967297.0,4.3,63.2,34.0,"TRUMP, DONALD J.","BIDEN, JOSEPH R. JR"
2020,MISSOURI,"2020, MISSOURI",0.4216417935559855,0,0,0,5988927.0,7.0,87.1,30.0,"TRUMP, DONALD J.","BIDEN, JOSEPH R. JR"
2020,MONTANA,"2020, MONTANA",0.4160281990795189,0,0,0,989415.0,9.7,6.8,50.0,"TRUMP, DONALD J.","BIDEN, JOSEPH R. JR"
2020,NEBRASKA,"2020, NEBRASKA",0.4021594775339827,0,0,0,1826341.0,6.7,23.8,45.0,"TRUMP, DONALD J.","BIDEN, JOSEPH R. JR"
2020,NEVADA,"2020, NEVADA",0.512231173400438,1,1,1,2700551.0,35.1,24.6,44.0,"TRUMP, DONALD J.","BIDEN, JOSEPH R. JR"
2020,NEW HAMPSHIRE,"2020, NEW HAMPSHIRE",0.5374834772159505,1,1,1,1316470.0,6.5,147.0,23.0,"TRUMP, DONALD J.","BIDEN, JOSEPH R. JR"
2020,NEW JERSEY,"2020, NEW JERSEY",0.5807128358679484,1,1,1,8791894.0,4.5,1195.5,2.0,"TRUMP, DONALD J.","BIDEN, JOSEPH R. JR"
2020,NEW MEXICO,"2020, NEW MEXICO",0.5551849015171975,1,1,1,2059179.0,13.2,17.0,47.0,"TRUMP, DONALD J.","BIDEN, JOSEPH R. JR"
2020,NEW YORK,"2020, NEW YORK",0.6171683489301224,1,1,1,19378102.0,2.1,411.2,9.0,"TRUMP, DONALD J.","BIDEN, JOSEPH R. JR"
2020,NORTH CAROLINA,"2020, NORTH CAROLINA",0.4931581746681328,0,0,1,9535483.0,18.5,196.1,17.0,"TRUMP, DONALD J.","BIDEN, JOSEPH R. JR"
2020,NORTH DAKOTA,"2020, NORTH DAKOTA",0.3278259157710337,0,0,0,672591.0,4.7,9.7,49.0,"TRUMP, DONALD J.","BIDEN, JOSEPH R. JR"
2020,OHIO,"2020, OHIO",0.4592330235229728,0,1,1,11536504.0,1.6,282.3,12.0,"TRUMP, DONALD J.","BIDEN, JOSEPH R. JR"
2020,OKLAHOMA,"2020, OKLAHOMA",0.3305996050309349,0,0,0,3751351.0,8.7,54.7,37.0,"TRUMP, DONALD J.","BIDEN, JOSEPH R. JR"
2020,OREGON,"2020, OREGON",0.5830715698544173,1,1,1,3831074.0,12.0,39.9,41.0,"TRUMP, DONALD J.","BIDEN, JOSEPH R. JR"
2020,PENNSYLVANIA,"2020, PENNSYLVANIA",0.5058920525934906,0,1,1,12702379.0,3.4,283.9,11.0,"TRUMP, DONALD J.","BIDEN, JOSEPH R. JR"
2020,RHODE ISLAND,"2020, RHODE ISLAND",0.6059935988395926,1,1,1,1052567.0,0.4,1018.1,4.0,"TRUMP, DONALD J.","BIDEN, JOSEPH R. JR"
2020,SOUTH CAROLINA,"2020, SOUTH CAROLINA",0.440733912504179,0,0,0,4625364.0,15.3,153.9,22.0,"TRUMP, DONALD J.","BIDEN, JOSEPH R. JR"
2020,SOUTH DAKOTA,"2020, SOUTH DAKOTA",0.365652201383185,0,0,0,814180.0,7.9,10.7,48.0,"TRUMP, DONALD J.","BIDEN, JOSEPH R. JR"
2020,TENNESSEE,"2020, TENNESSEE",0.3817222962793364,0,0,0,6346105.0,11.5,153.9,21.0,"TRUMP, DONALD J.","BIDEN, JOSEPH R. JR"
2020,TEXAS,"2020, TEXAS",0.4716927876322047,0,0,0,25145561.0,20.6,96.3,28.0,"TRUMP, DONALD J.","BIDEN, JOSEPH R. JR"
2020,UTAH,"2020, UTAH",0.3930639487814836,0,0,0,2763885.0,23.8,33.6,43.0,"TRUMP, DONALD J.","BIDEN, JOSEPH R. JR"
2020,VERMONT,"2020, VERMONT",0.6829918655280656,1,1,1,625741.0,2.8,67.9,32.0,"TRUMP, DONALD J.","BIDEN, JOSEPH R. JR"
2020,VIRGINIA,"2020, VIRGINIA",0.551546869993999,1,1,1,8001024.0,13.0,202.6,16.0,"TRUMP, DONALD J.","BIDEN, JOSEPH R. JR"
2020,WASHINGTON,"2020, WASHINGTON",0.599255031847907,1,1,1,6724540.0,14.1,101.2,27.0,"TRUMP, DONALD J.","BIDEN, JOSEPH R. JR"
2020,WEST VIRGINIA,"2020, WEST VIRGINIA",0.3020146768607797,0,0,0,1852994.0,2.5,77.1,31.0,"TRUMP, DONALD J.","BIDEN, JOSEPH R. JR"
2020,WISCONSIN,"2020, WISCONSIN",0.5031906326653399,0,1,1,5686986.0,6.0,105.0,25.0,"TRUMP, DONALD J.","BIDEN, JOSEPH R. JR"
2020,WYOMING,"2020, WYOMING",0.275195656244149,0,0,0,563626.0,14.1,5.8,51.0,"TRUMP, DONALD J.","BIDEN, JOSEPH R. JR"
