cycle,state,modeldate,candidate_name,pct_estimate,candidate_name_normalized
1968,National,,George Wallace,15.002,GEORGE WALLACE
1968,National,,"Hubert Humphrey, Jr.",39.06675,HUBERT HUMPHREY
1968,National,,Richard M. Nixon,47.72081,RICHARD NIXON
1972,California,,George S. McGovern,35.41592,GEORGE MCGOVERN
1972,California,,Richard M. Nixon,47.3146,RICHARD NIXON
1972,Colorado,,George S. McGovern,27.3064,GEORGE MCGOVERN
1972,Colorado,,Richard M. Nixon,63.63466,RICHARD NIXON
1972,Connecticut,,George S. McGovern,28.22355,GEORGE MCGOVERN
1972,Connecticut,,Richard M. Nixon,57.27177,RICHARD NIXON
1972,Illinois,,George S. McGovern,30.20215,GEORGE MCGOVERN
1972,Illinois,,Richard M. Nixon,60.16923,RICHARD NIXON
1972,Kansas,,George S. McGovern,22.46692,GEORGE MCGOVERN
1972,Kansas,,Richard M. Nixon,66.69883,RICHARD NIXON
1972,Kentucky,,George S. McGovern,32.3255,GEORGE MCGOVERN
1972,Kentucky,,Richard M. Nixon,48.66443,RICHARD NIXON
1972,Massachusetts,,George S. McGovern,47.03973,GEORGE MCGOVERN
1972,Massachusetts,,Richard M. Nixon,43.81844,RICHARD NIXON
1972,Michigan,,George S. McGovern,40.82501,GEORGE MCGOVERN
1972,Michigan,,Richard M. Nixon,54.96976,RICHARD NIXON
1972,Minnesota,,George S. McGovern,33.96141,GEORGE MCGOVERN
1972,Minnesota,,Richard M. Nixon,59.70787,RICHARD NIXON
1972,Missouri,,George S. McGovern,15.55203,GEORGE MCGOVERN
1972,Missouri,,Richard M. Nixon,58.52635,RICHARD NIXON
1972,National,,George S. McGovern,33.71223,GEORGE MCGOVERN
1972,National,,Richard M. Nixon,57.92342,RICHARD NIXON
1972,New Jersey,,George S. McGovern,30.28568,GEORGE MCGOVERN
1972,New Jersey,,Richard M. Nixon,53.11531,RICHARD NIXON
1972,New York,,George S. McGovern,35.87733,GEORGE MCGOVERN
1972,New York,,Richard M. Nixon,58.8518,RICHARD NIXON
1972,North Carolina,,George S. McGovern,24.29243,GEORGE MCGOVERN
1972,North Carolina,,Richard M. Nixon,65.62482,RICHARD NIXON
1972,Ohio,,George S. McGovern,33.45072,GEORGE MCGOVERN
1972,Ohio,,Richard M. Nixon,56.30234,RICHARD NIXON
1972,Oklahoma,,George S. McGovern,21.98039,GEORGE MCGOVERN
1972,Oklahoma,,Richard M. Nixon,74.76071,RICHARD NIXON
1972,Oregon,,George S. McGovern,37.14799,GEORGE MCGOVERN
1972,Oregon,,Richard M. Nixon,48.90327,RICHARD NIXON
1972,Pennsylvania,,George S. McGovern,38.61049,GEORGE MCGOVERN
1972,Pennsylvania,,Richard M. Nixon,58.18247,RICHARD NIXON
1976,California,1976-11-02,Gerald R. Ford,46.068216,GERALD FORD
1976,California,1976-11-02,Jimmy Carter,42.797994,JIMMY CARTER
1976,Colorado,1976-11-02,Gerald R. Ford,43.553292,GERALD FORD
1976,Colorado,1976-11-02,Jimmy Carter,42.180101,JIMMY CARTER
1976,Connecticut,1976-11-02,Gerald R. Ford,43.167668,GERALD FORD
1976,Connecticut,1976-11-02,Jimmy Carter,41.698014,JIMMY CARTER
1976,Delaware,1976-11-02,Gerald R. Ford,30.925426,GERALD FORD
1976,Delaware,1976-11-02,Jimmy Carter,33.370748,JIMMY CARTER
1976,Georgia,1976-11-02,Gerald R. Ford,30.416786,GERALD FORD
1976,Georgia,1976-11-02,Jimmy Carter,59.796546,JIMMY CARTER
1976,Idaho,1976-11-02,Gerald R. Ford,47.231461,GERALD FORD
1976,Idaho,1976-11-02,Jimmy Carter,28.532182,JIMMY CARTER
1976,Illinois,1976-11-02,Gerald R. Ford,48.138897,GERALD FORD
1976,Illinois,1976-11-02,Jimmy Carter,46.568122,JIMMY CARTER
1976,Indiana,1976-11-02,Gerald R. Ford,43.203328,GERALD FORD
1976,Indiana,1976-11-02,Jimmy Carter,44.115426,JIMMY CARTER
1976,Iowa,1976-11-02,Gerald R. Ford,46.021599,GERALD FORD
1976,Iowa,1976-11-02,Jimmy Carter,44.396444,JIMMY CARTER
1976,Kansas,1976-11-02,Gerald R. Ford,46.104269,GERALD FORD
1976,Kansas,1976-11-02,Jimmy Carter,41.301737,JIMMY CARTER
1976,Maine,1976-11-02,Gerald R. Ford,41.706581,GERALD FORD
1976,Maine,1976-11-02,Jimmy Carter,39.287709,JIMMY CARTER
1976,Maryland,1976-11-02,Gerald R. Ford,30.016708,GERALD FORD
1976,Maryland,1976-11-02,Jimmy Carter,37.99659,JIMMY CARTER
1976,Massachusetts,1976-11-02,Gerald R. Ford,35.971312,GERALD FORD
1976,Massachusetts,1976-11-02,Jimmy Carter,50.399871,JIMMY CARTER
1976,Michigan,1976-11-02,Gerald R. Ford,45.081918,GERALD FORD
1976,Michigan,1976-11-02,Jimmy Carter,41.721918,JIMMY CARTER
1976,Minnesota,1976-11-02,Gerald R. Ford,36.285449,GERALD FORD
1976,Minnesota,1976-11-02,Jimmy Carter,50.399871,JIMMY CARTER
1976,Missouri,1976-11-02,Gerald R. Ford,43.846193,GERALD FORD
1976,Missouri,1976-11-02,Jimmy Carter,46.088928,JIMMY CARTER
1976,National,1976-11-02,Gerald R. Ford,45.014414,GERALD FORD
1976,National,1976-11-02,Jimmy Carter,45.599425,JIMMY CARTER
1976,Nebraska,1976-11-02,Gerald R. Ford,53.02522,GERALD FORD
1976,Nebraska,1976-11-02,Jimmy Carter,33.370748,JIMMY CARTER
1976,New Jersey,1976-11-02,Gerald R. Ford,44.645726,GERALD FORD
1976,New Jersey,1976-11-02,Jimmy Carter,37.091361,JIMMY CARTER
1976,New York,1976-11-02,Gerald R. Ford,44.351337,GERALD FORD
1976,New York,1976-11-02,Jimmy Carter,49.313474,JIMMY CARTER
1976,North Carolina,1976-11-02,Gerald R. Ford,40.518208,GERALD FORD
1976,North Carolina,1976-11-02,Jimmy Carter,41.196529,JIMMY CARTER
1976,Ohio,1976-11-02,Gerald R. Ford,42.007948,GERALD FORD
1976,Ohio,1976-11-02,Jimmy Carter,53.398833,JIMMY CARTER
1976,Oregon,1976-11-02,Gerald R. Ford,40.518523,GERALD FORD
1976,Oregon,1976-11-02,Jimmy Carter,43.190446,JIMMY CARTER
1976,South Carolina,1976-11-02,Gerald R. Ford,38.029167,GERALD FORD
1976,South Carolina,1976-11-02,Jimmy Carter,48.704338,JIMMY CARTER
1976,South Dakota,1976-11-02,Gerald R. Ford,41.934678,GERALD FORD
1976,South Dakota,1976-11-02,Jimmy Carter,43.200283,JIMMY CARTER
1976,Utah,1976-11-02,Gerald R. Ford,55.407616,GERALD FORD
1976,Utah,1976-11-02,Jimmy Carter,34.506819,JIMMY CARTER
1976,Washington,1976-11-02,Gerald R. Ford,31.733736,GERALD FORD
1976,Washington,1976-11-02,Jimmy Carter,33.270395,JIMMY CARTER
1980,Alabama,1980-11-04,Jimmy Carter,40.321613,JIMMY CARTER
1980,Alabama,1980-11-04,John B. Anderson,3.2009363,JOHN ANDERSON
1980,Alabama,1980-11-04,Ronald Reagan,44.868922,RONALD REAGAN
1980,Arizona,1980-11-04,Jimmy Carter,21.787392,JIMMY CARTER
1980,Arizona,1980-11-04,Ronald Reagan,45.174599,RONALD REAGAN
1980,Arkansas,1980-11-04,Jimmy Carter,43.983228,JIMMY CARTER
1980,Arkansas,1980-11-04,John B. Anderson,5.7586027,JOHN ANDERSON
1980,Arkansas,1980-11-04,Ronald Reagan,40.324904,RONALD REAGAN
1980,California,1980-11-04,Jimmy Carter,28.010388,JIMMY CARTER
1980,California,1980-11-04,John B. Anderson,17.682481,JOHN ANDERSON
1980,California,1980-11-04,Ronald Reagan,42.075506,RONALD REAGAN
1980,Colorado,1980-11-04,Jimmy Carter,24.913525,JIMMY CARTER
1980,Colorado,1980-11-04,John B. Anderson,12.005552,JOHN ANDERSON
1980,Colorado,1980-11-04,Ronald Reagan,49.955457,RONALD REAGAN
1980,Connecticut,1980-11-04,Jimmy Carter,32.831153,JIMMY CARTER
1980,Connecticut,1980-11-04,John B. Anderson,18.712681,JOHN ANDERSON
1980,Connecticut,1980-11-04,Ronald Reagan,36.367083,RONALD REAGAN
1980,Delaware,1980-11-04,Jimmy Carter,36.74326,JIMMY CARTER
1980,Delaware,1980-11-04,Ronald Reagan,43.166828,RONALD REAGAN
1980,Florida,1980-11-04,Jimmy Carter,36.81831,JIMMY CARTER
1980,Florida,1980-11-04,John B. Anderson,7.2293945,JOHN ANDERSON
1980,Florida,1980-11-04,Ronald Reagan,44.497703,RONALD REAGAN
1980,Georgia,1980-11-04,Jimmy Carter,48.568402,JIMMY CARTER
1980,Georgia,1980-11-04,John B. Anderson,5.1442628,JOHN ANDERSON
1980,Georgia,1980-11-04,Ronald Reagan,36.322247,RONALD REAGAN
1980,Hawaii,1980-11-04,Jimmy Carter,36.287027,JIMMY CARTER
1980,Hawaii,1980-11-04,John B. Anderson,12.119444,JOHN ANDERSON
1980,Hawaii,1980-11-04,Ronald Reagan,31.026256,RONALD REAGAN
1980,Idaho,1980-11-04,Jimmy Carter,23.957977,JIMMY CARTER
1980,Idaho,1980-11-04,John B. Anderson,6.0308398,JOHN ANDERSON
1980,Idaho,1980-11-04,Ronald Reagan,50.961666,RONALD REAGAN
1980,Illinois,1980-11-04,Jimmy Carter,40.353598,JIMMY CARTER
1980,Illinois,1980-11-04,John B. Anderson,10.428092,JOHN ANDERSON
1980,Illinois,1980-11-04,Ronald Reagan,43.768107,RONALD REAGAN
1980,Iowa,1980-11-04,Jimmy Carter,33.458937,JIMMY CARTER
1980,Iowa,1980-11-04,John B. Anderson,13.818613,JOHN ANDERSON
1980,Iowa,1980-11-04,Ronald Reagan,44.35356,RONALD REAGAN
1980,Kansas,1980-11-04,Jimmy Carter,26.411143,JIMMY CARTER
1980,Kansas,1980-11-04,John B. Anderson,8.1438399,JOHN ANDERSON
1980,Kansas,1980-11-04,Ronald Reagan,48.832027,RONALD REAGAN
1980,Louisiana,1980-11-04,Jimmy Carter,36.86978,JIMMY CARTER
1980,Louisiana,1980-11-04,John B. Anderson,4.1411469,JOHN ANDERSON
1980,Louisiana,1980-11-04,Ronald Reagan,49.013447,RONALD REAGAN
1980,Maine,1980-11-04,Jimmy Carter,35.645349,JIMMY CARTER
1980,Maine,1980-11-04,John B. Anderson,12.862642,JOHN ANDERSON
1980,Maine,1980-11-04,Ronald Reagan,29.75094,RONALD REAGAN
1980,Maryland,1980-11-04,Jimmy Carter,41.137857,JIMMY CARTER
1980,Maryland,1980-11-04,John B. Anderson,9.1664807,JOHN ANDERSON
1980,Maryland,1980-11-04,Ronald Reagan,30.980469,RONALD REAGAN
1980,Massachusetts,1980-11-04,Jimmy Carter,31.14032,JIMMY CARTER
1980,Massachusetts,1980-11-04,John B. Anderson,19.526497,JOHN ANDERSON
1980,Massachusetts,1980-11-04,Ronald Reagan,30.613445,RONALD REAGAN
1980,Michigan,1980-11-04,Jimmy Carter,28.741635,JIMMY CARTER
1980,Michigan,1980-11-04,John B. Anderson,11.752165,JOHN ANDERSON
1980,Michigan,1980-11-04,Ronald Reagan,38.180708,RONALD REAGAN
1980,Minnesota,1980-11-04,Jimmy Carter,31.597255,JIMMY CARTER
1980,Minnesota,1980-11-04,John B. Anderson,18.972968,JOHN ANDERSON
1980,Minnesota,1980-11-04,Ronald Reagan,31.707947,RONALD REAGAN
1980,Mississippi,1980-11-04,Jimmy Carter,35.870002,JIMMY CARTER
1980,Mississippi,1980-11-04,John B. Anderson,3.0375648,JOHN ANDERSON
1980,Mississippi,1980-11-04,Ronald Reagan,51.113478,RONALD REAGAN
1980,Missouri,1980-11-04,Jimmy Carter,37.222867,JIMMY CARTER
1980,Missouri,1980-11-04,John B. Anderson,11.317634,JOHN ANDERSON
1980,Missouri,1980-11-04,Ronald Reagan,40.180024,RONALD REAGAN
1980,National,1980-11-04,Jimmy Carter,41.83639,JIMMY CARTER
1980,National,1980-11-04,John B. Anderson,7.6771216,JOHN ANDERSON
1980,National,1980-11-04,Ronald Reagan,44.089588,RONALD REAGAN
1980,Nebraska,1980-11-04,Jimmy Carter,22.783342,JIMMY CARTER
1980,Nebraska,1980-11-04,Ronald Reagan,55.177087,RONALD REAGAN
1980,Nevada,1980-11-04,Jimmy Carter,22.783342,JIMMY CARTER
1980,Nevada,1980-11-04,John B. Anderson,11.676912,JOHN ANDERSON
1980,Nevada,1980-11-04,Ronald Reagan,43.166828,RONALD REAGAN
1980,New Hampshire,1980-11-04,Jimmy Carter,28.762486,JIMMY CARTER
1980,New Hampshire,1980-11-04,Ronald Reagan,43.166828,RONALD REAGAN
1980,New Jersey,1980-11-04,Jimmy Carter,33.844507,JIMMY CARTER
1980,New Jersey,1980-11-04,John B. Anderson,10.32598,JOHN ANDERSON
1980,New Jersey,1980-11-04,Ronald Reagan,38.923002,RONALD REAGAN
1980,New York,1980-11-04,Jimmy Carter,35.753233,JIMMY CARTER
1980,New York,1980-11-04,John B. Anderson,12.559089,JOHN ANDERSON
1980,New York,1980-11-04,Ronald Reagan,31.696163,RONALD REAGAN
1980,North Carolina,1980-11-04,Jimmy Carter,46.157558,JIMMY CARTER
1980,North Carolina,1980-11-04,John B. Anderson,3.7107758,JOHN ANDERSON
1980,North Carolina,1980-11-04,Ronald Reagan,39.144633,RONALD REAGAN
1980,North Dakota,1980-11-04,Jimmy Carter,23.779461,JIMMY CARTER
1980,North Dakota,1980-11-04,John B. Anderson,12.664977,JOHN ANDERSON
1980,North Dakota,1980-11-04,Ronald Reagan,49.182837,RONALD REAGAN
1980,Ohio,1980-11-04,Jimmy Carter,34.906983,JIMMY CARTER
1980,Ohio,1980-11-04,John B. Anderson,10.569149,JOHN ANDERSON
1980,Ohio,1980-11-04,Ronald Reagan,42.38897,RONALD REAGAN
1980,Oklahoma,1980-11-04,Jimmy Carter,38.739904,JIMMY CARTER
1980,Oklahoma,1980-11-04,John B. Anderson,8.715469,JOHN ANDERSON
1980,Oklahoma,1980-11-04,Ronald Reagan,53.181412,RONALD REAGAN
1980,Oregon,1980-11-04,Jimmy Carter,35.199058,JIMMY CARTER
1980,Oregon,1980-11-04,John B. Anderson,14.369421,JOHN ANDERSON
1980,Oregon,1980-11-04,Ronald Reagan,41.788269,RONALD REAGAN
1980,Pennsylvania,1980-11-04,Jimmy Carter,33.33068,JIMMY CARTER
1980,Pennsylvania,1980-11-04,John B. Anderson,12.198041,JOHN ANDERSON
1980,Pennsylvania,1980-11-04,Ronald Reagan,38.62204,RONALD REAGAN
1980,Rhode Island,1980-11-04,Jimmy Carter,35.264207,JIMMY CARTER
1980,Rhode Island,1980-11-04,John B. Anderson,21.825193,JOHN ANDERSON
1980,Rhode Island,1980-11-04,Ronald Reagan,24.685584,RONALD REAGAN
1980,South Carolina,1980-11-04,Jimmy Carter,43.700094,JIMMY CARTER
1980,South Carolina,1980-11-04,John B. Anderson,1.0305841,JOHN ANDERSON
1980,South Carolina,1980-11-04,Ronald Reagan,40.619149,RONALD REAGAN
1980,South Dakota,1980-11-04,Jimmy Carter,17.450183,JIMMY CARTER
1980,South Dakota,1980-11-04,John B. Anderson,6.1687682,JOHN ANDERSON
1980,South Dakota,1980-11-04,Ronald Reagan,35.044928,RONALD REAGAN
1980,Tennessee,1980-11-04,Jimmy Carter,51.268399,JIMMY CARTER
1980,Tennessee,1980-11-04,John B. Anderson,1.0305841,JOHN ANDERSON
1980,Tennessee,1980-11-04,Ronald Reagan,41.91645,RONALD REAGAN
1980,Texas,1980-11-04,Jimmy Carter,38.029731,JIMMY CARTER
1980,Texas,1980-11-04,John B. Anderson,7.2277221,JOHN ANDERSON
1980,Texas,1980-11-04,Ronald Reagan,41.805354,RONALD REAGAN
1980,Virginia,1980-11-04,Jimmy Carter,29.742939,JIMMY CARTER
1980,Virginia,1980-11-04,John B. Anderson,6.3687901,JOHN ANDERSON
1980,Virginia,1980-11-04,Ronald Reagan,42.344475,RONALD REAGAN
1980,Washington,1980-11-04,Jimmy Carter,32.373094,JIMMY CARTER
1980,Washington,1980-11-04,John B. Anderson,12.944031,JOHN ANDERSON
1980,Washington,1980-11-04,Ronald Reagan,40.568063,RONALD REAGAN
1980,West Virginia,1980-11-04,Jimmy Carter,40.200027,JIMMY CARTER
1980,West Virginia,1980-11-04,John B. Anderson,5.684604,JOHN ANDERSON
1980,West Virginia,1980-11-04,Ronald Reagan,28.887504,RONALD REAGAN
1980,Wisconsin,1980-11-04,Jimmy Carter,31.524793,JIMMY CARTER
1980,Wisconsin,1980-11-04,John B. Anderson,19.679602,JOHN ANDERSON
1980,Wisconsin,1980-11-04,Ronald Reagan,34.444667,RONALD REAGAN
1984,Alabama,1984-11-06,Ronald Reagan,57.058659,RONALD REAGAN
1984,Alabama,1984-11-06,Walter F. Mondale,35.034674,WALTER MONDALE
1984,California,1984-11-06,Ronald Reagan,55.258525,RONALD REAGAN
1984,California,1984-11-06,Walter F. Mondale,38.947686,WALTER MONDALE
1984,Colorado,1984-11-06,Ronald Reagan,54.0,RONALD REAGAN
1984,Colorado,1984-11-06,Walter F. Mondale,31.0,WALTER MONDALE
1984,Connecticut,1984-11-06,Ronald Reagan,57.287666,RONALD REAGAN
1984,Connecticut,1984-11-06,Walter F. Mondale,30.695356,WALTER MONDALE
1984,Florida,1984-11-06,Ronald Reagan,61.855152,RONALD REAGAN
1984,Florida,1984-11-06,Walter F. Mondale,31.783757,WALTER MONDALE
1984,Illinois,1984-11-06,Ronald Reagan,52.219493,RONALD REAGAN
1984,Illinois,1984-11-06,Walter F. Mondale,39.675961,WALTER MONDALE
1984,Indiana,1984-11-06,Ronald Reagan,51.718104,RONALD REAGAN
1984,Indiana,1984-11-06,Walter F. Mondale,36.119087,WALTER MONDALE
1984,Iowa,1984-11-06,Ronald Reagan,51.880488,RONALD REAGAN
1984,Iowa,1984-11-06,Walter F. Mondale,39.460832,WALTER MONDALE
1984,Kansas,1984-11-06,Ronald Reagan,55.230548,RONALD REAGAN
1984,Kansas,1984-11-06,Walter F. Mondale,28.888068,WALTER MONDALE
1984,Kentucky,1984-11-06,Ronald Reagan,58.363156,RONALD REAGAN
1984,Kentucky,1984-11-06,Walter F. Mondale,33.065294,WALTER MONDALE
1984,Maryland,1984-11-06,Ronald Reagan,49.0,RONALD REAGAN
1984,Maryland,1984-11-06,Walter F. Mondale,36.0,WALTER MONDALE
1984,Massachusetts,1984-11-06,Ronald Reagan,48.877508,RONALD REAGAN
1984,Massachusetts,1984-11-06,Walter F. Mondale,44.119005,WALTER MONDALE
1984,Minnesota,1984-11-06,Ronald Reagan,44.691374,RONALD REAGAN
1984,Minnesota,1984-11-06,Walter F. Mondale,46.088834,WALTER MONDALE
1984,Missouri,1984-11-06,Ronald Reagan,54.514807,RONALD REAGAN
1984,Missouri,1984-11-06,Walter F. Mondale,37.749237,WALTER MONDALE
1984,National,1984-11-06,Ronald Reagan,56.92206,RONALD REAGAN
1984,National,1984-11-06,Walter F. Mondale,38.947609,WALTER MONDALE
1984,Nebraska,1984-11-06,Ronald Reagan,58.280248,RONALD REAGAN
1984,Nebraska,1984-11-06,Walter F. Mondale,26.931731,WALTER MONDALE
1984,New Hampshire,1984-11-06,Ronald Reagan,50.576813,RONALD REAGAN
1984,New Hampshire,1984-11-06,Walter F. Mondale,42.543725,WALTER MONDALE
1984,New Jersey,1984-11-06,Ronald Reagan,56.537236,RONALD REAGAN
1984,New Jersey,1984-11-06,Walter F. Mondale,32.496976,WALTER MONDALE
1984,New Mexico,1984-11-06,Ronald Reagan,59.213861,RONALD REAGAN
1984,New Mexico,1984-11-06,Walter F. Mondale,36.962649,WALTER MONDALE
1984,New York,1984-11-06,Ronald Reagan,49.923902,RONALD REAGAN
1984,New York,1984-11-06,Walter F. Mondale,38.551885,WALTER MONDALE
1984,North Carolina,1984-11-06,Ronald Reagan,62.250338,RONALD REAGAN
1984,North Carolina,1984-11-06,Walter F. Mondale,33.807644,WALTER MONDALE
1984,Ohio,1984-11-06,Ronald Reagan,58.117125,RONALD REAGAN
1984,Ohio,1984-11-06,Walter F. Mondale,39.468842,WALTER MONDALE
1984,Oregon,1984-11-06,Ronald Reagan,49.161356,RONALD REAGAN
1984,Oregon,1984-11-06,Walter F. Mondale,38.4373,WALTER MONDALE
1984,Pennsylvania,1984-11-06,Ronald Reagan,55.145954,RONALD REAGAN
1984,Pennsylvania,1984-11-06,Walter F. Mondale,40.310944,WALTER MONDALE
1984,Rhode Island,1984-11-06,Ronald Reagan,48.491938,RONALD REAGAN
1984,Rhode Island,1984-11-06,Walter F. Mondale,38.622482,WALTER MONDALE
1984,Texas,1984-11-06,Ronald Reagan,59.732967,RONALD REAGAN
1984,Texas,1984-11-06,Walter F. Mondale,33.363964,WALTER MONDALE
1984,Utah,1984-11-06,Ronald Reagan,70.58637,RONALD REAGAN
1984,Utah,1984-11-06,Walter F. Mondale,23.614176,WALTER MONDALE
1984,Virginia,1984-11-06,Ronald Reagan,59.0,RONALD REAGAN
1984,Virginia,1984-11-06,Walter F. Mondale,31.0,WALTER MONDALE
1984,Washington,1984-11-06,Ronald Reagan,48.308329,RONALD REAGAN
1984,Washington,1984-11-06,Walter F. Mondale,34.142811,WALTER MONDALE
1984,West Virginia,1984-11-06,Ronald Reagan,54.504172,RONALD REAGAN
1984,West Virginia,1984-11-06,Walter F. Mondale,44.393791,WALTER MONDALE
1984,Wisconsin,1984-11-06,Ronald Reagan,52.425154,RONALD REAGAN
1984,Wisconsin,1984-11-06,Walter F. Mondale,35.545034,WALTER MONDALE
1988,Alabama,1988-11-08,George Bush,55.479872,GEORGE BUSH
1988,Alabama,1988-11-08,Michael S. Dukakis,36.941321,MICHAEL DUKAKIS
1988,Alaska,1988-11-08,George Bush,51.51186,GEORGE BUSH
1988,Alaska,1988-11-08,Michael S. Dukakis,41.120967,MICHAEL DUKAKIS
1988,Arizona,1988-11-08,George Bush,53.228553,GEORGE BUSH
1988,Arizona,1988-11-08,Michael S. Dukakis,33.011637,MICHAEL DUKAKIS
1988,Arkansas,1988-11-08,George Bush,47.937855,GEORGE BUSH
1988,Arkansas,1988-11-08,Michael S. Dukakis,40.347879,MICHAEL DUKAKIS
1988,California,1988-11-08,George Bush,50.917622,GEORGE BUSH
1988,California,1988-11-08,Michael S. Dukakis,42.883798,MICHAEL DUKAKIS
1988,Colorado,1988-11-08,George Bush,45.44891,GEORGE BUSH
1988,Colorado,1988-11-08,Michael S. Dukakis,41.952605,MICHAEL DUKAKIS
1988,Connecticut,1988-11-08,George Bush,41.128338,GEORGE BUSH
1988,Connecticut,1988-11-08,Michael S. Dukakis,40.7113,MICHAEL DUKAKIS
1988,Delaware,1988-11-08,George Bush,49.022541,GEORGE BUSH
1988,Delaware,1988-11-08,Michael S. Dukakis,34.832296,MICHAEL DUKAKIS
1988,Florida,1988-11-08,George Bush,57.550702,GEORGE BUSH
1988,Florida,1988-11-08,Michael S. Dukakis,35.808301,MICHAEL DUKAKIS
1988,Georgia,1988-11-08,George Bush,50.869978,GEORGE BUSH
1988,Georgia,1988-11-08,Michael S. Dukakis,38.949382,MICHAEL DUKAKIS
1988,Hawaii,1988-11-08,George Bush,34.023868,GEORGE BUSH
1988,Hawaii,1988-11-08,Michael S. Dukakis,41.675536,MICHAEL DUKAKIS
1988,Illinois,1988-11-08,George Bush,46.642244,GEORGE BUSH
1988,Illinois,1988-11-08,Michael S. Dukakis,45.433824,MICHAEL DUKAKIS
1988,Indiana,1988-11-08,George Bush,51.175531,GEORGE BUSH
1988,Indiana,1988-11-08,Michael S. Dukakis,37.372362,MICHAEL DUKAKIS
1988,Iowa,1988-11-08,George Bush,37.769242,GEORGE BUSH
1988,Iowa,1988-11-08,Michael S. Dukakis,51.348629,MICHAEL DUKAKIS
1988,Kansas,1988-11-08,George Bush,42.609085,GEORGE BUSH
1988,Kansas,1988-11-08,Michael S. Dukakis,34.883109,MICHAEL DUKAKIS
1988,Kentucky,1988-11-08,George Bush,47.317148,GEORGE BUSH
1988,Kentucky,1988-11-08,Michael S. Dukakis,41.791197,MICHAEL DUKAKIS
1988,Louisiana,1988-11-08,George Bush,48.347103,GEORGE BUSH
1988,Louisiana,1988-11-08,Michael S. Dukakis,39.623911,MICHAEL DUKAKIS
1988,Maine,1988-11-08,George Bush,45.982796,GEORGE BUSH
1988,Maine,1988-11-08,Michael S. Dukakis,42.126039,MICHAEL DUKAKIS
1988,Maryland,1988-11-08,George Bush,46.587844,GEORGE BUSH
1988,Maryland,1988-11-08,Michael S. Dukakis,45.944472,MICHAEL DUKAKIS
1988,Massachusetts,1988-11-08,George Bush,41.684623,GEORGE BUSH
1988,Massachusetts,1988-11-08,Michael S. Dukakis,48.431455,MICHAEL DUKAKIS
1988,Michigan,1988-11-08,George Bush,45.863448,GEORGE BUSH
1988,Michigan,1988-11-08,Michael S. Dukakis,43.626056,MICHAEL DUKAKIS
1988,Minnesota,1988-11-08,George Bush,42.254635,GEORGE BUSH
1988,Minnesota,1988-11-08,Michael S. Dukakis,49.89779,MICHAEL DUKAKIS
1988,Mississippi,1988-11-08,George Bush,56.127013,GEORGE BUSH
1988,Mississippi,1988-11-08,Michael S. Dukakis,37.076414,MICHAEL DUKAKIS
1988,Missouri,1988-11-08,George Bush,47.448792,GEORGE BUSH
1988,Missouri,1988-11-08,Michael S. Dukakis,41.91396,MICHAEL DUKAKIS
1988,Montana,1988-11-08,George Bush,45.995016,GEORGE BUSH
1988,Montana,1988-11-08,Michael S. Dukakis,36.983819,MICHAEL DUKAKIS
1988,National,1988-11-08,George Bush,52.292803,GEORGE BUSH
1988,National,1988-11-08,Michael S. Dukakis,41.668574,MICHAEL DUKAKIS
1988,Nebraska,1988-11-08,George Bush,45.570028,GEORGE BUSH
1988,Nebraska,1988-11-08,Michael S. Dukakis,39.5896,MICHAEL DUKAKIS
1988,Nevada,1988-11-08,George Bush,51.150093,GEORGE BUSH
1988,Nevada,1988-11-08,Michael S. Dukakis,33.449524,MICHAEL DUKAKIS
1988,New Hampshire,1988-11-08,George Bush,60.391007,GEORGE BUSH
1988,New Hampshire,1988-11-08,Michael S. Dukakis,32.119257,MICHAEL DUKAKIS
1988,New Jersey,1988-11-08,George Bush,51.303961,GEORGE BUSH
1988,New Jersey,1988-11-08,Michael S. Dukakis,40.924593,MICHAEL DUKAKIS
1988,New Mexico,1988-11-08,George Bush,49.184517,GEORGE BUSH
1988,New Mexico,1988-11-08,Michael S. Dukakis,39.668694,MICHAEL DUKAKIS
1988,New York,1988-11-08,George Bush,45.686668,GEORGE BUSH
1988,New York,1988-11-08,Michael S. Dukakis,45.885133,MICHAEL DUKAKIS
1988,North Carolina,1988-11-08,George Bush,50.290195,GEORGE BUSH
1988,North Carolina,1988-11-08,Michael S. Dukakis,41.989746,MICHAEL DUKAKIS
1988,North Dakota,1988-11-08,George Bush,51.515341,GEORGE BUSH
1988,North Dakota,1988-11-08,Michael S. Dukakis,37.267997,MICHAEL DUKAKIS
1988,Ohio,1988-11-08,George Bush,49.438407,GEORGE BUSH
1988,Ohio,1988-11-08,Michael S. Dukakis,41.268361,MICHAEL DUKAKIS
1988,Oklahoma,1988-11-08,George Bush,55.412845,GEORGE BUSH
1988,Oklahoma,1988-11-08,Michael S. Dukakis,38.603252,MICHAEL DUKAKIS
1988,Oregon,1988-11-08,George Bush,47.40057,GEORGE BUSH
1988,Oregon,1988-11-08,Michael S. Dukakis,48.474516,MICHAEL DUKAKIS
1988,Pennsylvania,1988-11-08,George Bush,48.369381,GEORGE BUSH
1988,Pennsylvania,1988-11-08,Michael S. Dukakis,44.803587,MICHAEL DUKAKIS
1988,Rhode Island,1988-11-08,George Bush,36.7557,GEORGE BUSH
1988,Rhode Island,1988-11-08,Michael S. Dukakis,46.607574,MICHAEL DUKAKIS
1988,South Carolina,1988-11-08,George Bush,54.00521,GEORGE BUSH
1988,South Carolina,1988-11-08,Michael S. Dukakis,39.120127,MICHAEL DUKAKIS
1988,South Dakota,1988-11-08,George Bush,45.16703,GEORGE BUSH
1988,South Dakota,1988-11-08,Michael S. Dukakis,40.672295,MICHAEL DUKAKIS
1988,Tennessee,1988-11-08,George Bush,50.956422,GEORGE BUSH
1988,Tennessee,1988-11-08,Michael S. Dukakis,39.917801,MICHAEL DUKAKIS
1988,Texas,1988-11-08,George Bush,52.101053,GEORGE BUSH
1988,Texas,1988-11-08,Michael S. Dukakis,42.587829,MICHAEL DUKAKIS
1988,Utah,1988-11-08,George Bush,64.836804,GEORGE BUSH
1988,Utah,1988-11-08,Michael S. Dukakis,31.227522,MICHAEL DUKAKIS
1988,Vermont,1988-11-08,George Bush,42.142013,GEORGE BUSH
1988,Vermont,1988-11-08,Michael S. Dukakis,41.675536,MICHAEL DUKAKIS
1988,Virginia,1988-11-08,George Bush,52.139964,GEORGE BUSH
1988,Virginia,1988-11-08,Michael S. Dukakis,39.417478,MICHAEL DUKAKIS
1988,Washington,1988-11-08,George Bush,47.266732,GEORGE BUSH
1988,Washington,1988-11-08,Michael S. Dukakis,42.971394,MICHAEL DUKAKIS
1988,West Virginia,1988-11-08,George Bush,35.042841,GEORGE BUSH
1988,West Virginia,1988-11-08,Michael S. Dukakis,43.680941,MICHAEL DUKAKIS
1988,Wisconsin,1988-11-08,George Bush,46.612954,GEORGE BUSH
1988,Wisconsin,1988-11-08,Michael S. Dukakis,44.869765,MICHAEL DUKAKIS
1988,Wyoming,1988-11-08,George Bush,56.444583,GEORGE BUSH
1988,Wyoming,1988-11-08,Michael S. Dukakis,27.823913,MICHAEL DUKAKIS
1992,Alabama,1992-11-03,Bill Clinton,40.180882,BILL CLINTON
1992,Alabama,1992-11-03,George Bush,41.636747,GEORGE BUSH
1992,Alabama,1992-11-03,H. Ross Perot,11.078683,H. PEROT
1992,Alaska,1992-11-03,Bill Clinton,33.656677,BILL CLINTON
1992,Alaska,1992-11-03,George Bush,33.114877,GEORGE BUSH
1992,Alaska,1992-11-03,H. Ross Perot,27.163184,H. PEROT
1992,Arizona,1992-11-03,Bill Clinton,33.570066,BILL CLINTON
1992,Arizona,1992-11-03,George Bush,33.726051,GEORGE BUSH
1992,Arizona,1992-11-03,H. Ross Perot,19.173324,H. PEROT
1992,Arkansas,1992-11-03,Bill Clinton,52.054279,BILL CLINTON
1992,Arkansas,1992-11-03,George Bush,34.209791,GEORGE BUSH
1992,Arkansas,1992-11-03,H. Ross Perot,12.094245,H. PEROT
1992,California,1992-11-03,Bill Clinton,48.764566,BILL CLINTON
1992,California,1992-11-03,George Bush,31.614049,GEORGE BUSH
1992,California,1992-11-03,H. Ross Perot,14.479459,H. PEROT
1992,Colorado,1992-11-03,Bill Clinton,39.511654,BILL CLINTON
1992,Colorado,1992-11-03,George Bush,31.915056,GEORGE BUSH
1992,Colorado,1992-11-03,H. Ross Perot,19.546951,H. PEROT
1992,Connecticut,1992-11-03,Bill Clinton,44.051756,BILL CLINTON
1992,Connecticut,1992-11-03,George Bush,33.683648,GEORGE BUSH
1992,Connecticut,1992-11-03,H. Ross Perot,16.067219,H. PEROT
1992,Delaware,1992-11-03,Bill Clinton,40.233436,BILL CLINTON
1992,Delaware,1992-11-03,George Bush,32.77675,GEORGE BUSH
1992,Delaware,1992-11-03,H. Ross Perot,14.284498,H. PEROT
1992,District of Columbia,1992-11-03,Bill Clinton,71.275369,BILL CLINTON
1992,District of Columbia,1992-11-03,George Bush,16.872681,GEORGE BUSH
1992,District of Columbia,1992-11-03,H. Ross Perot,7.5857997,H. PEROT
1992,Florida,1992-11-03,Bill Clinton,38.39614,BILL CLINTON
1992,Florida,1992-11-03,George Bush,40.316147,GEORGE BUSH
1992,Florida,1992-11-03,H. Ross Perot,17.668952,H. PEROT
1992,Georgia,1992-11-03,Bill Clinton,38.814284,BILL CLINTON
1992,Georgia,1992-11-03,George Bush,37.187317,GEORGE BUSH
1992,Georgia,1992-11-03,H. Ross Perot,16.220288,H. PEROT
1992,Hawaii,1992-11-03,Bill Clinton,43.686664,BILL CLINTON
1992,Hawaii,1992-11-03,George Bush,26.362199,GEORGE BUSH
1992,Hawaii,1992-11-03,H. Ross Perot,14.846757,H. PEROT
1992,Idaho,1992-11-03,Bill Clinton,28.721845,BILL CLINTON
1992,Idaho,1992-11-03,George Bush,37.08333,GEORGE BUSH
1992,Idaho,1992-11-03,H. Ross Perot,21.877246,H. PEROT
1992,Illinois,1992-11-03,Bill Clinton,46.80532,BILL CLINTON
1992,Illinois,1992-11-03,George Bush,32.766952,GEORGE BUSH
1992,Illinois,1992-11-03,H. Ross Perot,10.438511,H. PEROT
1992,Indiana,1992-11-03,Bill Clinton,36.793521,BILL CLINTON
1992,Indiana,1992-11-03,George Bush,41.597344,GEORGE BUSH
1992,Indiana,1992-11-03,H. Ross Perot,10.942849,H. PEROT
1992,Iowa,1992-11-03,Bill Clinton,38.889839,BILL CLINTON
1992,Iowa,1992-11-03,George Bush,34.430556,GEORGE BUSH
1992,Iowa,1992-11-03,H. Ross Perot,17.329651,H. PEROT
1992,Kansas,1992-11-03,Bill Clinton,36.712598,BILL CLINTON
1992,Kansas,1992-11-03,George Bush,37.137903,GEORGE BUSH
1992,Kansas,1992-11-03,H. Ross Perot,14.129456,H. PEROT
1992,Kentucky,1992-11-03,Bill Clinton,43.25922,BILL CLINTON
1992,Kentucky,1992-11-03,George Bush,36.885087,GEORGE BUSH
1992,Kentucky,1992-11-03,H. Ross Perot,13.469261,H. PEROT
1992,Louisiana,1992-11-03,Bill Clinton,38.129305,BILL CLINTON
1992,Louisiana,1992-11-03,George Bush,36.358499,GEORGE BUSH
1992,Louisiana,1992-11-03,H. Ross Perot,12.911087,H. PEROT
1992,Maine,1992-11-03,Bill Clinton,34.291351,BILL CLINTON
1992,Maine,1992-11-03,George Bush,27.842713,GEORGE BUSH
1992,Maine,1992-11-03,H. Ross Perot,26.291988,H. PEROT
1992,Maryland,1992-11-03,Bill Clinton,42.98602,BILL CLINTON
1992,Maryland,1992-11-03,George Bush,34.528684,GEORGE BUSH
1992,Maryland,1992-11-03,H. Ross Perot,14.392911,H. PEROT
1992,Massachusetts,1992-11-03,Bill Clinton,37.029205,BILL CLINTON
1992,Massachusetts,1992-11-03,George Bush,25.335175,GEORGE BUSH
1992,Massachusetts,1992-11-03,H. Ross Perot,24.884151,H. PEROT
1992,Michigan,1992-11-03,Bill Clinton,39.087293,BILL CLINTON
1992,Michigan,1992-11-03,George Bush,32.258449,GEORGE BUSH
1992,Michigan,1992-11-03,H. Ross Perot,18.3994,H. PEROT
1992,Minnesota,1992-11-03,Bill Clinton,41.663969,BILL CLINTON
1992,Minnesota,1992-11-03,George Bush,36.151074,GEORGE BUSH
1992,Minnesota,1992-11-03,H. Ross Perot,21.171325,H. PEROT
1992,Mississippi,1992-11-03,Bill Clinton,37.229225,BILL CLINTON
1992,Mississippi,1992-11-03,George Bush,41.672941,GEORGE BUSH
1992,Mississippi,1992-11-03,H. Ross Perot,10.524385,H. PEROT
1992,Missouri,1992-11-03,Bill Clinton,42.510403,BILL CLINTON
1992,Missouri,1992-11-03,George Bush,30.249898,GEORGE BUSH
1992,Missouri,1992-11-03,H. Ross Perot,14.856359,H. PEROT
1992,Montana,1992-11-03,Bill Clinton,33.717977,BILL CLINTON
1992,Montana,1992-11-03,George Bush,32.015153,GEORGE BUSH
1992,Montana,1992-11-03,H. Ross Perot,24.23599,H. PEROT
1992,National,1992-11-03,Bill Clinton,42.673484,BILL CLINTON
1992,National,1992-11-03,George Bush,35.376987,GEORGE BUSH
1992,National,1992-11-03,H. Ross Perot,17.232872,H. PEROT
1992,Nebraska,1992-11-03,Bill Clinton,30.607145,BILL CLINTON
1992,Nebraska,1992-11-03,George Bush,40.123201,GEORGE BUSH
1992,Nebraska,1992-11-03,H. Ross Perot,18.136323,H. PEROT
1992,Nevada,1992-11-03,Bill Clinton,35.293839,BILL CLINTON
1992,Nevada,1992-11-03,George Bush,29.838694,GEORGE BUSH
1992,Nevada,1992-11-03,H. Ross Perot,26.291988,H. PEROT
1992,New Hampshire,1992-11-03,Bill Clinton,38.195925,BILL CLINTON
1992,New Hampshire,1992-11-03,George Bush,34.411127,GEORGE BUSH
1992,New Hampshire,1992-11-03,H. Ross Perot,16.228043,H. PEROT
1992,New Jersey,1992-11-03,Bill Clinton,39.305388,BILL CLINTON
1992,New Jersey,1992-11-03,George Bush,31.74694,GEORGE BUSH
1992,New Jersey,1992-11-03,H. Ross Perot,13.670466,H. PEROT
1992,New Mexico,1992-11-03,Bill Clinton,41.953365,BILL CLINTON
1992,New Mexico,1992-11-03,George Bush,33.80471,GEORGE BUSH
1992,New Mexico,1992-11-03,H. Ross Perot,10.131984,H. PEROT
1992,New York,1992-11-03,Bill Clinton,48.076968,BILL CLINTON
1992,New York,1992-11-03,George Bush,28.626728,GEORGE BUSH
1992,New York,1992-11-03,H. Ross Perot,14.867123,H. PEROT
1992,North Carolina,1992-11-03,Bill Clinton,40.319437,BILL CLINTON
1992,North Carolina,1992-11-03,George Bush,37.467438,GEORGE BUSH
1992,North Carolina,1992-11-03,H. Ross Perot,13.908775,H. PEROT
1992,North Dakota,1992-11-03,Bill Clinton,31.136323,BILL CLINTON
1992,North Dakota,1992-11-03,George Bush,38.807546,GEORGE BUSH
1992,North Dakota,1992-11-03,H. Ross Perot,14.760087,H. PEROT
1992,Ohio,1992-11-03,Bill Clinton,40.257081,BILL CLINTON
1992,Ohio,1992-11-03,George Bush,38.297151,GEORGE BUSH
1992,Ohio,1992-11-03,H. Ross Perot,17.220265,H. PEROT
1992,Oklahoma,1992-11-03,Bill Clinton,37.494133,BILL CLINTON
1992,Oklahoma,1992-11-03,George Bush,43.199839,GEORGE BUSH
1992,Oklahoma,1992-11-03,H. Ross Perot,14.452328,H. PEROT
1992,Oregon,1992-11-03,Bill Clinton,39.925772,BILL CLINTON
1992,Oregon,1992-11-03,George Bush,29.674924,GEORGE BUSH
1992,Oregon,1992-11-03,H. Ross Perot,21.537566,H. PEROT
1992,Pennsylvania,1992-11-03,Bill Clinton,41.349889,BILL CLINTON
1992,Pennsylvania,1992-11-03,George Bush,32.196047,GEORGE BUSH
1992,Pennsylvania,1992-11-03,H. Ross Perot,12.642836,H. PEROT
1992,Rhode Island,1992-11-03,Bill Clinton,50.311493,BILL CLINTON
1992,Rhode Island,1992-11-03,George Bush,26.844879,GEORGE BUSH
1992,Rhode Island,1992-11-03,H. Ross Perot,10.524385,H. PEROT
1992,South Carolina,1992-11-03,Bill Clinton,33.74447,BILL CLINTON
1992,South Carolina,1992-11-03,George Bush,42.461602,GEORGE BUSH
1992,South Carolina,1992-11-03,H. Ross Perot,10.350467,H. PEROT
1992,South Dakota,1992-11-03,Bill Clinton,36.333398,BILL CLINTON
1992,South Dakota,1992-11-03,George Bush,34.882478,GEORGE BUSH
1992,South Dakota,1992-11-03,H. Ross Perot,15.182662,H. PEROT
1992,Tennessee,1992-11-03,Bill Clinton,44.505269,BILL CLINTON
1992,Tennessee,1992-11-03,George Bush,36.549558,GEORGE BUSH
1992,Tennessee,1992-11-03,H. Ross Perot,8.6633955,H. PEROT
1992,Texas,1992-11-03,Bill Clinton,36.858955,BILL CLINTON
1992,Texas,1992-11-03,George Bush,37.153573,GEORGE BUSH
1992,Texas,1992-11-03,H. Ross Perot,17.618171,H. PEROT
1992,Utah,1992-11-03,Bill Clinton,24.661515,BILL CLINTON
1992,Utah,1992-11-03,George Bush,39.200461,GEORGE BUSH
1992,Utah,1992-11-03,H. Ross Perot,28.898042,H. PEROT
1992,Vermont,1992-11-03,Bill Clinton,40.803584,BILL CLINTON
1992,Vermont,1992-11-03,George Bush,29.381366,GEORGE BUSH
1992,Vermont,1992-11-03,H. Ross Perot,15.593108,H. PEROT
1992,Virginia,1992-11-03,Bill Clinton,35.497365,BILL CLINTON
1992,Virginia,1992-11-03,George Bush,42.932654,GEORGE BUSH
1992,Virginia,1992-11-03,H. Ross Perot,10.195162,H. PEROT
1992,Washington,1992-11-03,Bill Clinton,44.466954,BILL CLINTON
1992,Washington,1992-11-03,George Bush,29.462127,GEORGE BUSH
1992,Washington,1992-11-03,H. Ross Perot,16.621448,H. PEROT
1992,West Virginia,1992-11-03,Bill Clinton,44.298712,BILL CLINTON
1992,West Virginia,1992-11-03,George Bush,29.859482,GEORGE BUSH
1992,West Virginia,1992-11-03,H. Ross Perot,14.243109,H. PEROT
1992,Wisconsin,1992-11-03,Bill Clinton,39.933187,BILL CLINTON
1992,Wisconsin,1992-11-03,George Bush,33.528452,GEORGE BUSH
1992,Wisconsin,1992-11-03,H. Ross Perot,15.250953,H. PEROT
1992,Wyoming,1992-11-03,Bill Clinton,30.408792,BILL CLINTON
1992,Wyoming,1992-11-03,George Bush,34.363353,GEORGE BUSH
1992,Wyoming,1992-11-03,H. Ross Perot,22.336973,H. PEROT
1996,Alabama,1996-11-05,Bill Clinton,40.952817,BILL CLINTON
1996,Alabama,1996-11-05,Bob Dole,46.892719,BOB DOLE
1996,Alabama,1996-11-05,H. Ross Perot,6.0515035,H. PEROT
1996,Alaska,1996-11-05,Bill Clinton,34.288314,BILL CLINTON
1996,Alaska,1996-11-05,Bob Dole,43.760162,BOB DOLE
1996,Alaska,1996-11-05,H. Ross Perot,10.794619,H. PEROT
1996,Arizona,1996-11-05,Bill Clinton,45.013949,BILL CLINTON
1996,Arizona,1996-11-05,Bob Dole,38.127452,BOB DOLE
1996,Arizona,1996-11-05,H. Ross Perot,7.5955097,H. PEROT
1996,Arkansas,1996-11-05,Bill Clinton,52.939159,BILL CLINTON
1996,Arkansas,1996-11-05,Bob Dole,34.854596,BOB DOLE
1996,Arkansas,1996-11-05,H. Ross Perot,5.125655,H. PEROT
1996,California,1996-11-05,Bill Clinton,48.713991,BILL CLINTON
1996,California,1996-11-05,Bob Dole,34.899393,BOB DOLE
1996,California,1996-11-05,H. Ross Perot,7.5711205,H. PEROT
1996,Colorado,1996-11-05,Bill Clinton,43.749865,BILL CLINTON
1996,Colorado,1996-11-05,Bob Dole,40.309325,BOB DOLE
1996,Colorado,1996-11-05,H. Ross Perot,8.0977422,H. PEROT
1996,Connecticut,1996-11-05,Bill Clinton,49.016396,BILL CLINTON
1996,Connecticut,1996-11-05,Bob Dole,29.085105,BOB DOLE
1996,Connecticut,1996-11-05,H. Ross Perot,8.6468725,H. PEROT
1996,Delaware,1996-11-05,Bill Clinton,46.301404,BILL CLINTON
1996,Delaware,1996-11-05,Bob Dole,36.616601,BOB DOLE
1996,Delaware,1996-11-05,H. Ross Perot,5.0582778,H. PEROT
1996,District of Columbia,1996-11-05,Bill Clinton,81.327814,BILL CLINTON
1996,District of Columbia,1996-11-05,Bob Dole,4.7541757,BOB DOLE
1996,District of Columbia,1996-11-05,H. Ross Perot,2.0389057,H. PEROT
1996,Florida,1996-11-05,Bill Clinton,46.23713,BILL CLINTON
1996,Florida,1996-11-05,Bob Dole,41.37611,BOB DOLE
1996,Florida,1996-11-05,H. Ross Perot,5.0802259,H. PEROT
1996,Georgia,1996-11-05,Bill Clinton,44.767056,BILL CLINTON
1996,Georgia,1996-11-05,Bob Dole,41.930165,BOB DOLE
1996,Georgia,1996-11-05,H. Ross Perot,6.2196125,H. PEROT
1996,Hawaii,1996-11-05,Bill Clinton,53.388279,BILL CLINTON
1996,Hawaii,1996-11-05,Bob Dole,31.062128,BOB DOLE
1996,Hawaii,1996-11-05,H. Ross Perot,4.6148879,H. PEROT
1996,Idaho,1996-11-05,Bill Clinton,30.727659,BILL CLINTON
1996,Idaho,1996-11-05,Bob Dole,48.392292,BOB DOLE
1996,Idaho,1996-11-05,H. Ross Perot,10.945048,H. PEROT
1996,Illinois,1996-11-05,Bill Clinton,50.610869,BILL CLINTON
1996,Illinois,1996-11-05,Bob Dole,34.334141,BOB DOLE
1996,Illinois,1996-11-05,H. Ross Perot,5.1675874,H. PEROT
1996,Indiana,1996-11-05,Bill Clinton,38.665799,BILL CLINTON
1996,Indiana,1996-11-05,Bob Dole,40.676349,BOB DOLE
1996,Indiana,1996-11-05,H. Ross Perot,7.4352681,H. PEROT
1996,Iowa,1996-11-05,Bill Clinton,47.453958,BILL CLINTON
1996,Iowa,1996-11-05,Bob Dole,35.083164,BOB DOLE
1996,Iowa,1996-11-05,H. Ross Perot,6.4006699,H. PEROT
1996,Kansas,1996-11-05,Bill Clinton,37.789317,BILL CLINTON
1996,Kansas,1996-11-05,Bob Dole,49.524387,BOB DOLE
1996,Kansas,1996-11-05,H. Ross Perot,6.8786487,H. PEROT
1996,Kentucky,1996-11-05,Bill Clinton,45.657298,BILL CLINTON
1996,Kentucky,1996-11-05,Bob Dole,41.734423,BOB DOLE
1996,Kentucky,1996-11-05,H. Ross Perot,6.3196955,H. PEROT
1996,Louisiana,1996-11-05,Bill Clinton,46.771096,BILL CLINTON
1996,Louisiana,1996-11-05,Bob Dole,35.770933,BOB DOLE
1996,Louisiana,1996-11-05,H. Ross Perot,4.9627943,H. PEROT
1996,Maine,1996-11-05,Bill Clinton,47.893072,BILL CLINTON
1996,Maine,1996-11-05,Bob Dole,36.179531,BOB DOLE
1996,Maine,1996-11-05,H. Ross Perot,7.4770995,H. PEROT
1996,Maryland,1996-11-05,Bill Clinton,51.392215,BILL CLINTON
1996,Maryland,1996-11-05,Bob Dole,36.927099,BOB DOLE
1996,Maryland,1996-11-05,H. Ross Perot,4.4178682,H. PEROT
1996,Massachusetts,1996-11-05,Bill Clinton,57.458991,BILL CLINTON
1996,Massachusetts,1996-11-05,Bob Dole,27.18631,BOB DOLE
1996,Massachusetts,1996-11-05,H. Ross Perot,5.4271976,H. PEROT
1996,Michigan,1996-11-05,Bill Clinton,47.323879,BILL CLINTON
1996,Michigan,1996-11-05,Bob Dole,34.651579,BOB DOLE
1996,Michigan,1996-11-05,H. Ross Perot,7.6146088,H. PEROT
1996,Minnesota,1996-11-05,Bill Clinton,52.188213,BILL CLINTON
1996,Minnesota,1996-11-05,Bob Dole,31.648225,BOB DOLE
1996,Minnesota,1996-11-05,H. Ross Perot,7.6179562,H. PEROT
1996,Mississippi,1996-11-05,Bill Clinton,39.189574,BILL CLINTON
1996,Mississippi,1996-11-05,Bob Dole,46.790798,BOB DOLE
1996,Mississippi,1996-11-05,H. Ross Perot,4.7284629,H. PEROT
1996,Missouri,1996-11-05,Bill Clinton,47.004037,BILL CLINTON
1996,Missouri,1996-11-05,Bob Dole,37.184206,BOB DOLE
1996,Missouri,1996-11-05,H. Ross Perot,7.2970679,H. PEROT
1996,Montana,1996-11-05,Bill Clinton,40.633789,BILL CLINTON
1996,Montana,1996-11-05,Bob Dole,40.319806,BOB DOLE
1996,Montana,1996-11-05,H. Ross Perot,8.830598,H. PEROT
1996,National,1996-11-05,Bill Clinton,49.616052,BILL CLINTON
1996,National,1996-11-05,Bob Dole,36.763277,BOB DOLE
1996,National,1996-11-05,H. Ross Perot,7.8915041,H. PEROT
1996,Nebraska,1996-11-05,Bill Clinton,36.553417,BILL CLINTON
1996,Nebraska,1996-11-05,Bob Dole,47.248021,BOB DOLE
1996,Nebraska,1996-11-05,H. Ross Perot,7.5906219,H. PEROT
1996,Nevada,1996-11-05,Bill Clinton,42.691043,BILL CLINTON
1996,Nevada,1996-11-05,Bob Dole,42.539617,BOB DOLE
1996,Nevada,1996-11-05,H. Ross Perot,6.5594179,H. PEROT
1996,New Hampshire,1996-11-05,Bill Clinton,50.101426,BILL CLINTON
1996,New Hampshire,1996-11-05,Bob Dole,35.135896,BOB DOLE
1996,New Hampshire,1996-11-05,H. Ross Perot,6.1443736,H. PEROT
1996,New Jersey,1996-11-05,Bill Clinton,48.820304,BILL CLINTON
1996,New Jersey,1996-11-05,Bob Dole,31.61794,BOB DOLE
1996,New Jersey,1996-11-05,H. Ross Perot,8.4346629,H. PEROT
1996,New Mexico,1996-11-05,Bill Clinton,47.593024,BILL CLINTON
1996,New Mexico,1996-11-05,Bob Dole,33.699388,BOB DOLE
1996,New Mexico,1996-11-05,H. Ross Perot,6.0815401,H. PEROT
1996,New York,1996-11-05,Bill Clinton,54.758489,BILL CLINTON
1996,New York,1996-11-05,Bob Dole,28.864572,BOB DOLE
1996,New York,1996-11-05,H. Ross Perot,6.2342756,H. PEROT
1996,North Carolina,1996-11-05,Bill Clinton,43.845678,BILL CLINTON
1996,North Carolina,1996-11-05,Bob Dole,45.747181,BOB DOLE
1996,North Carolina,1996-11-05,H. Ross Perot,3.4337545,H. PEROT
1996,North Dakota,1996-11-05,Bill Clinton,36.061334,BILL CLINTON
1996,North Dakota,1996-11-05,Bob Dole,41.205485,BOB DOLE
1996,North Dakota,1996-11-05,H. Ross Perot,8.7104084,H. PEROT
1996,Ohio,1996-11-05,Bill Clinton,47.250076,BILL CLINTON
1996,Ohio,1996-11-05,Bob Dole,41.174896,BOB DOLE
1996,Ohio,1996-11-05,H. Ross Perot,8.2038134,H. PEROT
1996,Oklahoma,1996-11-05,Bill Clinton,39.532809,BILL CLINTON
1996,Oklahoma,1996-11-05,Bob Dole,46.478596,BOB DOLE
1996,Oklahoma,1996-11-05,H. Ross Perot,6.9456522,H. PEROT
1996,Oregon,1996-11-05,Bill Clinton,48.096447,BILL CLINTON
1996,Oregon,1996-11-05,Bob Dole,35.442553,BOB DOLE
1996,Oregon,1996-11-05,H. Ross Perot,7.162601,H. PEROT
1996,Pennsylvania,1996-11-05,Bill Clinton,49.045393,BILL CLINTON
1996,Pennsylvania,1996-11-05,Bob Dole,36.014836,BOB DOLE
1996,Pennsylvania,1996-11-05,H. Ross Perot,6.4745766,H. PEROT
1996,Rhode Island,1996-11-05,Bill Clinton,54.644628,BILL CLINTON
1996,Rhode Island,1996-11-05,Bob Dole,24.749343,BOB DOLE
1996,Rhode Island,1996-11-05,H. Ross Perot,8.6099131,H. PEROT
1996,South Carolina,1996-11-05,Bill Clinton,40.93399,BILL CLINTON
1996,South Carolina,1996-11-05,Bob Dole,49.274688,BOB DOLE
1996,South Carolina,1996-11-05,H. Ross Perot,2.8231044,H. PEROT
1996,South Dakota,1996-11-05,Bill Clinton,41.031583,BILL CLINTON
1996,South Dakota,1996-11-05,Bob Dole,45.196836,BOB DOLE
1996,South Dakota,1996-11-05,H. Ross Perot,6.380023,H. PEROT
1996,Tennessee,1996-11-05,Bill Clinton,44.996317,BILL CLINTON
1996,Tennessee,1996-11-05,Bob Dole,42.038365,BOB DOLE
1996,Tennessee,1996-11-05,H. Ross Perot,4.8822378,H. PEROT
1996,Texas,1996-11-05,Bill Clinton,40.749962,BILL CLINTON
1996,Texas,1996-11-05,Bob Dole,46.217357,BOB DOLE
1996,Texas,1996-11-05,H. Ross Perot,5.6204633,H. PEROT
1996,Utah,1996-11-05,Bill Clinton,33.763817,BILL CLINTON
1996,Utah,1996-11-05,Bob Dole,47.14627,BOB DOLE
1996,Utah,1996-11-05,H. Ross Perot,8.1496896,H. PEROT
1996,Vermont,1996-11-05,Bill Clinton,52.366977,BILL CLINTON
1996,Vermont,1996-11-05,Bob Dole,35.519814,BOB DOLE
1996,Vermont,1996-11-05,H. Ross Perot,4.1957674,H. PEROT
1996,Virginia,1996-11-05,Bill Clinton,42.826149,BILL CLINTON
1996,Virginia,1996-11-05,Bob Dole,41.753454,BOB DOLE
1996,Virginia,1996-11-05,H. Ross Perot,4.7999955,H. PEROT
1996,Washington,1996-11-05,Bill Clinton,47.449865,BILL CLINTON
1996,Washington,1996-11-05,Bob Dole,35.024938,BOB DOLE
1996,Washington,1996-11-05,H. Ross Perot,5.7482647,H. PEROT
1996,West Virginia,1996-11-05,Bill Clinton,50.536458,BILL CLINTON
1996,West Virginia,1996-11-05,Bob Dole,34.296113,BOB DOLE
1996,West Virginia,1996-11-05,H. Ross Perot,7.3461923,H. PEROT
1996,Wisconsin,1996-11-05,Bill Clinton,49.536554,BILL CLINTON
1996,Wisconsin,1996-11-05,Bob Dole,34.940681,BOB DOLE
1996,Wisconsin,1996-11-05,H. Ross Perot,7.5134597,H. PEROT
1996,Wyoming,1996-11-05,Bill Clinton,37.603149,BILL CLINTON
1996,Wyoming,1996-11-05,Bob Dole,44.841788,BOB DOLE
1996,Wyoming,1996-11-05,H. Ross Perot,7.7816225,H. PEROT
2000,Alabama,2000-11-07,Al Gore,35.201229,AL GORE
2000,Alabama,2000-11-07,George W. Bush,52.765827,GEORGE BUSH
2000,Alabama,2000-11-07,Ralph Nader,0.97076015,RALPH NADER
2000,Alaska,2000-11-07,Al Gore,28.018256,AL GORE
2000,Alaska,2000-11-07,George W. Bush,50.99731,GEORGE BUSH
2000,Alaska,2000-11-07,Ralph Nader,12.890239,RALPH NADER
2000,Arizona,2000-11-07,Al Gore,38.92711,AL GORE
2000,Arizona,2000-11-07,George W. Bush,51.462122,GEORGE BUSH
2000,Arizona,2000-11-07,Ralph Nader,3.8666559,RALPH NADER
2000,Arkansas,2000-11-07,Al Gore,44.305234,AL GORE
2000,Arkansas,2000-11-07,George W. Bush,46.528879,GEORGE BUSH
2000,Arkansas,2000-11-07,Ralph Nader,2.5513744,RALPH NADER
2000,California,2000-11-07,Al Gore,46.403632,AL GORE
2000,California,2000-11-07,George W. Bush,42.743904,GEORGE BUSH
2000,California,2000-11-07,Ralph Nader,5.4042012,RALPH NADER
2000,Colorado,2000-11-07,Al Gore,39.381768,AL GORE
2000,Colorado,2000-11-07,George W. Bush,47.976955,GEORGE BUSH
2000,Colorado,2000-11-07,Ralph Nader,4.9140965,RALPH NADER
2000,Connecticut,2000-11-07,Al Gore,49.740238,AL GORE
2000,Connecticut,2000-11-07,George W. Bush,37.512749,GEORGE BUSH
2000,Connecticut,2000-11-07,Ralph Nader,6.5705916,RALPH NADER
2000,Delaware,2000-11-07,Al Gore,45.229964,AL GORE
2000,Delaware,2000-11-07,George W. Bush,44.227273,GEORGE BUSH
2000,Delaware,2000-11-07,Ralph Nader,3.5519228,RALPH NADER
2000,District of Columbia,2000-11-07,Al Gore,72.672953,AL GORE
2000,District of Columbia,2000-11-07,George W. Bush,14.141113,GEORGE BUSH
2000,District of Columbia,2000-11-07,Ralph Nader,4.980098,RALPH NADER
2000,Florida,2000-11-07,Al Gore,47.174946,AL GORE
2000,Florida,2000-11-07,George W. Bush,45.757136,GEORGE BUSH
2000,Florida,2000-11-07,Ralph Nader,2.9047808,RALPH NADER
2000,Georgia,2000-11-07,Al Gore,40.539803,AL GORE
2000,Georgia,2000-11-07,George W. Bush,50.670102,GEORGE BUSH
2000,Georgia,2000-11-07,Ralph Nader,2.9292253,RALPH NADER
2000,Hawaii,2000-11-07,Al Gore,52.079752,AL GORE
2000,Hawaii,2000-11-07,George W. Bush,34.642464,GEORGE BUSH
2000,Hawaii,2000-11-07,Ralph Nader,5.8104399,RALPH NADER
2000,Idaho,2000-11-07,Al Gore,26.858225,AL GORE
2000,Idaho,2000-11-07,George W. Bush,60.838152,GEORGE BUSH
2000,Idaho,2000-11-07,Ralph Nader,2.2907711,RALPH NADER
2000,Illinois,2000-11-07,Al Gore,47.253009,AL GORE
2000,Illinois,2000-11-07,George W. Bush,42.548397,GEORGE BUSH
2000,Illinois,2000-11-07,Ralph Nader,2.9562092,RALPH NADER
2000,Indiana,2000-11-07,Al Gore,34.544446,AL GORE
2000,Indiana,2000-11-07,George W. Bush,54.286509,GEORGE BUSH
2000,Indiana,2000-11-07,Ralph Nader,1.3983096,RALPH NADER
2000,Iowa,2000-11-07,Al Gore,44.900912,AL GORE
2000,Iowa,2000-11-07,George W. Bush,44.551661,GEORGE BUSH
2000,Iowa,2000-11-07,Ralph Nader,3.1811172,RALPH NADER
2000,Kansas,2000-11-07,Al Gore,35.187645,AL GORE
2000,Kansas,2000-11-07,George W. Bush,55.32072,GEORGE BUSH
2000,Kansas,2000-11-07,Ralph Nader,3.068364,RALPH NADER
2000,Kentucky,2000-11-07,Al Gore,40.641904,AL GORE
2000,Kentucky,2000-11-07,George W. Bush,53.664979,GEORGE BUSH
2000,Kentucky,2000-11-07,Ralph Nader,2.8471458,RALPH NADER
2000,Louisiana,2000-11-07,Al Gore,39.244476,AL GORE
2000,Louisiana,2000-11-07,George W. Bush,46.784041,GEORGE BUSH
2000,Louisiana,2000-11-07,Ralph Nader,1.4051652,RALPH NADER
2000,Maine,2000-11-07,Al Gore,45.534507,AL GORE
2000,Maine,2000-11-07,George W. Bush,41.147452,GEORGE BUSH
2000,Maine,2000-11-07,Ralph Nader,5.1328309,RALPH NADER
2000,Maryland,2000-11-07,Al Gore,52.162341,AL GORE
2000,Maryland,2000-11-07,George W. Bush,39.572493,GEORGE BUSH
2000,Maryland,2000-11-07,Ralph Nader,3.9028716,RALPH NADER
2000,Massachusetts,2000-11-07,Al Gore,55.10759,AL GORE
2000,Massachusetts,2000-11-07,George W. Bush,30.392158,GEORGE BUSH
2000,Massachusetts,2000-11-07,Ralph Nader,6.6856065,RALPH NADER
2000,Michigan,2000-11-07,Al Gore,46.399564,AL GORE
2000,Michigan,2000-11-07,George W. Bush,44.233336,GEORGE BUSH
2000,Michigan,2000-11-07,Ralph Nader,3.5123997,RALPH NADER
2000,Minnesota,2000-11-07,Al Gore,44.708419,AL GORE
2000,Minnesota,2000-11-07,George W. Bush,40.992023,GEORGE BUSH
2000,Minnesota,2000-11-07,Ralph Nader,7.9563911,RALPH NADER
2000,Mississippi,2000-11-07,Al Gore,38.42805,AL GORE
2000,Mississippi,2000-11-07,George W. Bush,51.97967,GEORGE BUSH
2000,Mississippi,2000-11-07,Ralph Nader,0.98615866,RALPH NADER
2000,Missouri,2000-11-07,Al Gore,45.054595,AL GORE
2000,Missouri,2000-11-07,George W. Bush,47.857597,GEORGE BUSH
2000,Missouri,2000-11-07,Ralph Nader,2.6829888,RALPH NADER
2000,Montana,2000-11-07,Al Gore,32.346911,AL GORE
2000,Montana,2000-11-07,George W. Bush,52.987474,GEORGE BUSH
2000,Montana,2000-11-07,Ralph Nader,4.823346,RALPH NADER
2000,National,2000-11-07,Al Gore,43.323453,AL GORE
2000,National,2000-11-07,George W. Bush,46.945554,GEORGE BUSH
2000,National,2000-11-07,Ralph Nader,3.7936984,RALPH NADER
2000,Nebraska,2000-11-07,Al Gore,34.333161,AL GORE
2000,Nebraska,2000-11-07,George W. Bush,57.045983,GEORGE BUSH
2000,Nebraska,2000-11-07,Ralph Nader,2.6156053,RALPH NADER
2000,Nevada,2000-11-07,Al Gore,43.036997,AL GORE
2000,Nevada,2000-11-07,George W. Bush,48.091576,GEORGE BUSH
2000,Nevada,2000-11-07,Ralph Nader,3.0117374,RALPH NADER
2000,New Hampshire,2000-11-07,Al Gore,41.003838,AL GORE
2000,New Hampshire,2000-11-07,George W. Bush,45.458147,GEORGE BUSH
2000,New Hampshire,2000-11-07,Ralph Nader,5.6716163,RALPH NADER
2000,New Jersey,2000-11-07,Al Gore,48.682663,AL GORE
2000,New Jersey,2000-11-07,George W. Bush,39.27333,GEORGE BUSH
2000,New Jersey,2000-11-07,Ralph Nader,4.879953,RALPH NADER
2000,New Mexico,2000-11-07,Al Gore,44.723852,AL GORE
2000,New Mexico,2000-11-07,George W. Bush,43.909975,GEORGE BUSH
2000,New Mexico,2000-11-07,Ralph Nader,4.7819596,RALPH NADER
2000,New York,2000-11-07,Al Gore,52.79625,AL GORE
2000,New York,2000-11-07,George W. Bush,35.993062,GEORGE BUSH
2000,New York,2000-11-07,Ralph Nader,5.5125696,RALPH NADER
2000,North Carolina,2000-11-07,Al Gore,41.733597,AL GORE
2000,North Carolina,2000-11-07,George W. Bush,51.50862,GEORGE BUSH
2000,North Carolina,2000-11-07,Ralph Nader,1.1170464,RALPH NADER
2000,North Dakota,2000-11-07,Al Gore,34.51015,AL GORE
2000,North Dakota,2000-11-07,George W. Bush,49.776534,GEORGE BUSH
2000,North Dakota,2000-11-07,Ralph Nader,1.9845407,RALPH NADER
2000,Ohio,2000-11-07,Al Gore,42.433913,AL GORE
2000,Ohio,2000-11-07,George W. Bush,49.96599,GEORGE BUSH
2000,Ohio,2000-11-07,Ralph Nader,3.6587715,RALPH NADER
2000,Oklahoma,2000-11-07,Al Gore,37.20398,AL GORE
2000,Oklahoma,2000-11-07,George W. Bush,56.07913,GEORGE BUSH
2000,Oklahoma,2000-11-07,Ralph Nader,0.9712999,RALPH NADER
2000,Oregon,2000-11-07,Al Gore,44.507462,AL GORE
2000,Oregon,2000-11-07,George W. Bush,44.46683,GEORGE BUSH
2000,Oregon,2000-11-07,Ralph Nader,6.5044911,RALPH NADER
2000,Pennsylvania,2000-11-07,Al Gore,46.367906,AL GORE
2000,Pennsylvania,2000-11-07,George W. Bush,44.667289,GEORGE BUSH
2000,Pennsylvania,2000-11-07,Ralph Nader,4.1448676,RALPH NADER
2000,Rhode Island,2000-11-07,Al Gore,52.319718,AL GORE
2000,Rhode Island,2000-11-07,George W. Bush,30.375767,GEORGE BUSH
2000,Rhode Island,2000-11-07,Ralph Nader,6.0979798,RALPH NADER
2000,South Carolina,2000-11-07,Al Gore,38.884246,AL GORE
2000,South Carolina,2000-11-07,George W. Bush,53.182232,GEORGE BUSH
2000,South Carolina,2000-11-07,Ralph Nader,1.6038655,RALPH NADER
2000,South Dakota,2000-11-07,Al Gore,33.539587,AL GORE
2000,South Dakota,2000-11-07,George W. Bush,54.262924,GEORGE BUSH
2000,Tennessee,2000-11-07,Al Gore,46.032948,AL GORE
2000,Tennessee,2000-11-07,George W. Bush,47.999213,GEORGE BUSH
2000,Tennessee,2000-11-07,Ralph Nader,1.8796737,RALPH NADER
2000,Texas,2000-11-07,Al Gore,32.296191,AL GORE
2000,Texas,2000-11-07,George W. Bush,59.714643,GEORGE BUSH
2000,Texas,2000-11-07,Ralph Nader,2.6257624,RALPH NADER
2000,Utah,2000-11-07,Al Gore,24.619824,AL GORE
2000,Utah,2000-11-07,George W. Bush,62.430116,GEORGE BUSH
2000,Utah,2000-11-07,Ralph Nader,4.5047955,RALPH NADER
2000,Vermont,2000-11-07,Al Gore,46.85579,AL GORE
2000,Vermont,2000-11-07,George W. Bush,37.134771,GEORGE BUSH
2000,Vermont,2000-11-07,Ralph Nader,5.9092938,RALPH NADER
2000,Virginia,2000-11-07,Al Gore,42.210553,AL GORE
2000,Virginia,2000-11-07,George W. Bush,50.5424,GEORGE BUSH
2000,Virginia,2000-11-07,Ralph Nader,2.8479833,RALPH NADER
2000,Washington,2000-11-07,Al Gore,45.177247,AL GORE
2000,Washington,2000-11-07,George W. Bush,45.010895,GEORGE BUSH
2000,Washington,2000-11-07,Ralph Nader,5.4131785,RALPH NADER
2000,West Virginia,2000-11-07,Al Gore,42.258471,AL GORE
2000,West Virginia,2000-11-07,George W. Bush,46.980171,GEORGE BUSH
2000,West Virginia,2000-11-07,Ralph Nader,2.3135891,RALPH NADER
2000,Wisconsin,2000-11-07,Al Gore,43.910057,AL GORE
2000,Wisconsin,2000-11-07,George W. Bush,46.196795,GEORGE BUSH
2000,Wisconsin,2000-11-07,Ralph Nader,5.2633836,RALPH NADER
2000,Wyoming,2000-11-07,Al Gore,29.687844,AL GORE
2000,Wyoming,2000-11-07,George W. Bush,58.700252,GEORGE BUSH
2004,Alabama,2004-11-02,George W. Bush,56.778493,GEORGE BUSH
2004,Alabama,2004-11-02,John Kerry,35.153022,JOHN KERRY
2004,Alaska,2004-11-02,George W. Bush,57.311515,GEORGE BUSH
2004,Alaska,2004-11-02,John Kerry,31.118299,JOHN KERRY
2004,Arizona,2004-11-02,George W. Bush,51.647917,GEORGE BUSH
2004,Arizona,2004-11-02,John Kerry,42.353901,JOHN KERRY
2004,Arkansas,2004-11-02,George W. Bush,49.875212,GEORGE BUSH
2004,Arkansas,2004-11-02,John Kerry,46.05477,JOHN KERRY
2004,California,2004-11-02,George W. Bush,41.651258,GEORGE BUSH
2004,California,2004-11-02,John Kerry,52.385393,JOHN KERRY
2004,Colorado,2004-11-02,George W. Bush,49.588063,GEORGE BUSH
2004,Colorado,2004-11-02,John Kerry,45.309328,JOHN KERRY
2004,Connecticut,2004-11-02,George W. Bush,39.587914,GEORGE BUSH
2004,Connecticut,2004-11-02,John Kerry,50.968638,JOHN KERRY
2004,Delaware,2004-11-02,George W. Bush,40.418493,GEORGE BUSH
2004,Delaware,2004-11-02,John Kerry,47.686023,JOHN KERRY
2004,Florida,2004-11-02,George W. Bush,47.942048,GEORGE BUSH
2004,Florida,2004-11-02,John Kerry,47.364931,JOHN KERRY
2004,Georgia,2004-11-02,George W. Bush,54.186477,GEORGE BUSH
2004,Georgia,2004-11-02,John Kerry,41.540177,JOHN KERRY
2004,Hawaii,2004-11-02,George W. Bush,43.339587,GEORGE BUSH
2004,Hawaii,2004-11-02,John Kerry,45.794949,JOHN KERRY
2004,Idaho,2004-11-02,George W. Bush,57.587887,GEORGE BUSH
2004,Idaho,2004-11-02,John Kerry,27.835825,JOHN KERRY
2004,Illinois,2004-11-02,George W. Bush,42.901402,GEORGE BUSH
2004,Illinois,2004-11-02,John Kerry,51.746566,JOHN KERRY
2004,Indiana,2004-11-02,George W. Bush,57.262583,GEORGE BUSH
2004,Indiana,2004-11-02,John Kerry,36.95455,JOHN KERRY
2004,Iowa,2004-11-02,George W. Bush,47.417262,GEORGE BUSH
2004,Iowa,2004-11-02,John Kerry,46.264535,JOHN KERRY
2004,Kansas,2004-11-02,George W. Bush,58.554502,GEORGE BUSH
2004,Kansas,2004-11-02,John Kerry,34.482297,JOHN KERRY
2004,Kentucky,2004-11-02,George W. Bush,57.102233,GEORGE BUSH
2004,Kentucky,2004-11-02,John Kerry,38.181241,JOHN KERRY
2004,Louisiana,2004-11-02,George W. Bush,52.1351,GEORGE BUSH
2004,Louisiana,2004-11-02,John Kerry,35.99788,JOHN KERRY
2004,Maine,2004-11-02,George W. Bush,42.705837,GEORGE BUSH
2004,Maine,2004-11-02,John Kerry,50.048318,JOHN KERRY
2004,Maryland,2004-11-02,George W. Bush,41.272267,GEORGE BUSH
2004,Maryland,2004-11-02,John Kerry,53.865381,JOHN KERRY
2004,Massachusetts,2004-11-02,George W. Bush,31.493788,GEORGE BUSH
2004,Massachusetts,2004-11-02,John Kerry,57.661592,JOHN KERRY
2004,Michigan,2004-11-02,George W. Bush,45.029846,GEORGE BUSH
2004,Michigan,2004-11-02,John Kerry,48.691046,JOHN KERRY
2004,Minnesota,2004-11-02,George W. Bush,45.162146,GEORGE BUSH
2004,Minnesota,2004-11-02,John Kerry,48.248413,JOHN KERRY
2004,Mississippi,2004-11-02,George W. Bush,54.250916,GEORGE BUSH
2004,Mississippi,2004-11-02,John Kerry,37.824067,JOHN KERRY
2004,Missouri,2004-11-02,George W. Bush,51.235948,GEORGE BUSH
2004,Missouri,2004-11-02,John Kerry,45.337555,JOHN KERRY
2004,Montana,2004-11-02,George W. Bush,56.754379,GEORGE BUSH
2004,Montana,2004-11-02,John Kerry,33.714633,JOHN KERRY
2004,National,2004-11-02,George W. Bush,48.604056,GEORGE BUSH
2004,National,2004-11-02,John Kerry,46.982615,JOHN KERRY
2004,Nebraska,2004-11-02,George W. Bush,61.015127,GEORGE BUSH
2004,Nebraska,2004-11-02,John Kerry,31.525627,JOHN KERRY
2004,Nevada,2004-11-02,George W. Bush,50.325923,GEORGE BUSH
2004,Nevada,2004-11-02,John Kerry,45.188758,JOHN KERRY
2004,New Hampshire,2004-11-02,George W. Bush,46.451957,GEORGE BUSH
2004,New Hampshire,2004-11-02,John Kerry,48.624872,JOHN KERRY
2004,New Jersey,2004-11-02,George W. Bush,41.803173,GEORGE BUSH
2004,New Jersey,2004-11-02,John Kerry,48.995247,JOHN KERRY
2004,New Mexico,2004-11-02,George W. Bush,48.429972,GEORGE BUSH
2004,New Mexico,2004-11-02,John Kerry,44.911481,JOHN KERRY
2004,New York,2004-11-02,George W. Bush,38.15427,GEORGE BUSH
2004,New York,2004-11-02,John Kerry,54.340684,JOHN KERRY
2004,North Carolina,2004-11-02,George W. Bush,51.6375,GEORGE BUSH
2004,North Carolina,2004-11-02,John Kerry,43.381614,JOHN KERRY
2004,North Dakota,2004-11-02,George W. Bush,58.542749,GEORGE BUSH
2004,North Dakota,2004-11-02,John Kerry,33.772825,JOHN KERRY
2004,Ohio,2004-11-02,George W. Bush,47.935848,GEORGE BUSH
2004,Ohio,2004-11-02,John Kerry,47.973979,JOHN KERRY
2004,Oklahoma,2004-11-02,George W. Bush,62.178045,GEORGE BUSH
2004,Oklahoma,2004-11-02,John Kerry,32.688553,JOHN KERRY
2004,Oregon,2004-11-02,George W. Bush,45.281829,GEORGE BUSH
2004,Oregon,2004-11-02,John Kerry,50.530961,JOHN KERRY
2004,Pennsylvania,2004-11-02,George W. Bush,47.365677,GEORGE BUSH
2004,Pennsylvania,2004-11-02,John Kerry,48.729059,JOHN KERRY
2004,Rhode Island,2004-11-02,George W. Bush,36.35829,GEORGE BUSH
2004,Rhode Island,2004-11-02,John Kerry,54.849934,JOHN KERRY
2004,South Carolina,2004-11-02,George W. Bush,54.899186,GEORGE BUSH
2004,South Carolina,2004-11-02,John Kerry,39.155158,JOHN KERRY
2004,South Dakota,2004-11-02,George W. Bush,54.363716,GEORGE BUSH
2004,South Dakota,2004-11-02,John Kerry,37.609466,JOHN KERRY
2004,Tennessee,2004-11-02,George W. Bush,54.39388,GEORGE BUSH
2004,Tennessee,2004-11-02,John Kerry,42.342747,JOHN KERRY
2004,Texas,2004-11-02,George W. Bush,58.493298,GEORGE BUSH
2004,Texas,2004-11-02,John Kerry,35.652891,JOHN KERRY
2004,Utah,2004-11-02,George W. Bush,68.299947,GEORGE BUSH
2004,Utah,2004-11-02,John Kerry,24.109276,JOHN KERRY
2004,Vermont,2004-11-02,George W. Bush,40.149375,GEORGE BUSH
2004,Vermont,2004-11-02,John Kerry,49.357665,JOHN KERRY
2004,Virginia,2004-11-02,George W. Bush,49.767129,GEORGE BUSH
2004,Virginia,2004-11-02,John Kerry,43.916727,JOHN KERRY
2004,Washington,2004-11-02,George W. Bush,45.356803,GEORGE BUSH
2004,Washington,2004-11-02,John Kerry,51.681792,JOHN KERRY
2004,West Virginia,2004-11-02,George W. Bush,50.819612,GEORGE BUSH
2004,West Virginia,2004-11-02,John Kerry,44.495975,JOHN KERRY
2004,Wisconsin,2004-11-02,George W. Bush,48.105038,GEORGE BUSH
2004,Wisconsin,2004-11-02,John Kerry,46.387916,JOHN KERRY
2008,Alabama,2008-11-04,Barack Obama,35.858475,BARACK OBAMA
2008,Alabama,2008-11-04,John McCain,58.282539,JOHN MCCAIN
2008,Alaska,2008-11-04,Barack Obama,41.419908,BARACK OBAMA
2008,Alaska,2008-11-04,John McCain,55.604341,JOHN MCCAIN
2008,Arizona,2008-11-04,Barack Obama,45.233846,BARACK OBAMA
2008,Arizona,2008-11-04,John McCain,49.373538,JOHN MCCAIN
2008,Arkansas,2008-11-04,Barack Obama,42.823934,BARACK OBAMA
2008,Arkansas,2008-11-04,John McCain,51.925759,JOHN MCCAIN
2008,California,2008-11-04,Barack Obama,57.522385,BARACK OBAMA
2008,California,2008-11-04,John McCain,35.202295,JOHN MCCAIN
2008,Colorado,2008-11-04,Barack Obama,51.302013,BARACK OBAMA
2008,Colorado,2008-11-04,John McCain,44.45558,JOHN MCCAIN
2008,Connecticut,2008-11-04,Barack Obama,56.510289,BARACK OBAMA
2008,Connecticut,2008-11-04,John McCain,36.288263,JOHN MCCAIN
2008,Delaware,2008-11-04,Barack Obama,59.585339,BARACK OBAMA
2008,Delaware,2008-11-04,John McCain,35.343992,JOHN MCCAIN
2008,Florida,2008-11-04,Barack Obama,48.108337,BARACK OBAMA
2008,Florida,2008-11-04,John McCain,46.620754,JOHN MCCAIN
2008,Georgia,2008-11-04,Barack Obama,45.796409,BARACK OBAMA
2008,Georgia,2008-11-04,John McCain,50.060306,JOHN MCCAIN
2008,Hawaii,2008-11-04,Barack Obama,59.752297,BARACK OBAMA
2008,Hawaii,2008-11-04,John McCain,33.055045,JOHN MCCAIN
2008,Idaho,2008-11-04,Barack Obama,32.100732,BARACK OBAMA
2008,Idaho,2008-11-04,John McCain,60.262287,JOHN MCCAIN
2008,Illinois,2008-11-04,Barack Obama,59.354164,BARACK OBAMA
2008,Illinois,2008-11-04,John McCain,36.792375,JOHN MCCAIN
2008,Indiana,2008-11-04,Barack Obama,47.005797,BARACK OBAMA
2008,Indiana,2008-11-04,John McCain,48.007432,JOHN MCCAIN
2008,Iowa,2008-11-04,Barack Obama,52.852666,BARACK OBAMA
2008,Iowa,2008-11-04,John McCain,40.020787,JOHN MCCAIN
2008,Kansas,2008-11-04,Barack Obama,38.483246,BARACK OBAMA
2008,Kansas,2008-11-04,John McCain,55.198059,JOHN MCCAIN
2008,Kentucky,2008-11-04,Barack Obama,41.070429,BARACK OBAMA
2008,Kentucky,2008-11-04,John McCain,53.512526,JOHN MCCAIN
2008,Louisiana,2008-11-04,Barack Obama,41.531393,BARACK OBAMA
2008,Louisiana,2008-11-04,John McCain,52.142941,JOHN MCCAIN
2008,Maine,2008-11-04,Barack Obama,55.215782,BARACK OBAMA
2008,Maine,2008-11-04,John McCain,39.106609,JOHN MCCAIN
2008,Maryland,2008-11-04,Barack Obama,58.011276,BARACK OBAMA
2008,Maryland,2008-11-04,John McCain,37.447991,JOHN MCCAIN
2008,Massachusetts,2008-11-04,Barack Obama,56.361476,BARACK OBAMA
2008,Massachusetts,2008-11-04,John McCain,38.0118,JOHN MCCAIN
2008,Michigan,2008-11-04,Barack Obama,53.70322,BARACK OBAMA
2008,Michigan,2008-11-04,John McCain,40.474269,JOHN MCCAIN
2008,Minnesota,2008-11-04,Barack Obama,52.376347,BARACK OBAMA
2008,Minnesota,2008-11-04,John McCain,41.769365,JOHN MCCAIN
2008,Mississippi,2008-11-04,Barack Obama,41.028078,BARACK OBAMA
2008,Mississippi,2008-11-04,John McCain,52.134387,JOHN MCCAIN
2008,Missouri,2008-11-04,Barack Obama,47.35975,BARACK OBAMA
2008,Missouri,2008-11-04,John McCain,48.366582,JOHN MCCAIN
2008,Montana,2008-11-04,Barack Obama,44.86544,BARACK OBAMA
2008,Montana,2008-11-04,John McCain,49.9553,JOHN MCCAIN
2008,National,2008-11-04,Barack Obama,50.990174,BARACK OBAMA
2008,National,2008-11-04,John McCain,43.820694,JOHN MCCAIN
2008,Nebraska,2008-11-04,Barack Obama,37.480707,BARACK OBAMA
2008,Nebraska,2008-11-04,John McCain,56.518208,JOHN MCCAIN
2008,Nevada,2008-11-04,Barack Obama,50.390004,BARACK OBAMA
2008,Nevada,2008-11-04,John McCain,44.940076,JOHN MCCAIN
2008,New Hampshire,2008-11-04,Barack Obama,52.275229,BARACK OBAMA
2008,New Hampshire,2008-11-04,John McCain,41.479962,JOHN MCCAIN
2008,New Jersey,2008-11-04,Barack Obama,54.871929,BARACK OBAMA
2008,New Jersey,2008-11-04,John McCain,38.070582,JOHN MCCAIN
2008,New Mexico,2008-11-04,Barack Obama,53.42745,BARACK OBAMA
2008,New Mexico,2008-11-04,John McCain,43.638586,JOHN MCCAIN
2008,New York,2008-11-04,Barack Obama,61.370024,BARACK OBAMA
2008,New York,2008-11-04,John McCain,33.14513,JOHN MCCAIN
2008,North Carolina,2008-11-04,Barack Obama,48.35763,BARACK OBAMA
2008,North Carolina,2008-11-04,John McCain,47.537201,JOHN MCCAIN
2008,North Dakota,2008-11-04,Barack Obama,44.24359,BARACK OBAMA
2008,North Dakota,2008-11-04,John McCain,45.482196,JOHN MCCAIN
2008,Ohio,2008-11-04,Barack Obama,49.617053,BARACK OBAMA
2008,Ohio,2008-11-04,John McCain,45.06243,JOHN MCCAIN
2008,Oklahoma,2008-11-04,Barack Obama,35.542093,BARACK OBAMA
2008,Oklahoma,2008-11-04,John McCain,60.345032,JOHN MCCAIN
2008,Oregon,2008-11-04,Barack Obama,54.806549,BARACK OBAMA
2008,Oregon,2008-11-04,John McCain,39.513303,JOHN MCCAIN
2008,Pennsylvania,2008-11-04,Barack Obama,51.486452,BARACK OBAMA
2008,Pennsylvania,2008-11-04,John McCain,43.569344,JOHN MCCAIN
2008,Rhode Island,2008-11-04,Barack Obama,55.351109,BARACK OBAMA
2008,Rhode Island,2008-11-04,John McCain,35.97356,JOHN MCCAIN
2008,South Carolina,2008-11-04,Barack Obama,42.876454,BARACK OBAMA
2008,South Carolina,2008-11-04,John McCain,52.158721,JOHN MCCAIN
2008,South Dakota,2008-11-04,Barack Obama,42.894873,BARACK OBAMA
2008,South Dakota,2008-11-04,John McCain,51.822615,JOHN MCCAIN
2008,Tennessee,2008-11-04,Barack Obama,41.722512,BARACK OBAMA
2008,Tennessee,2008-11-04,John McCain,53.884657,JOHN MCCAIN
2008,Texas,2008-11-04,Barack Obama,42.507628,BARACK OBAMA
2008,Texas,2008-11-04,John McCain,54.721444,JOHN MCCAIN
2008,Utah,2008-11-04,Barack Obama,32.651839,BARACK OBAMA
2008,Utah,2008-11-04,John McCain,59.107982,JOHN MCCAIN
2008,Vermont,2008-11-04,Barack Obama,60.060211,BARACK OBAMA
2008,Vermont,2008-11-04,John McCain,33.011047,JOHN MCCAIN
2008,Virginia,2008-11-04,Barack Obama,50.345379,BARACK OBAMA
2008,Virginia,2008-11-04,John McCain,45.131525,JOHN MCCAIN
2008,Washington,2008-11-04,Barack Obama,53.835668,BARACK OBAMA
2008,Washington,2008-11-04,John McCain,40.286385,JOHN MCCAIN
2008,West Virginia,2008-11-04,Barack Obama,40.809777,BARACK OBAMA
2008,West Virginia,2008-11-04,John McCain,53.793842,JOHN MCCAIN
2008,Wisconsin,2008-11-04,Barack Obama,52.664907,BARACK OBAMA
2008,Wisconsin,2008-11-04,John McCain,40.688035,JOHN MCCAIN
2008,Wyoming,2008-11-04,Barack Obama,33.176088,BARACK OBAMA
2008,Wyoming,2008-11-04,John McCain,60.048928,JOHN MCCAIN
2012,Alabama,2012-11-06,Barack Obama,35.623535,BARACK OBAMA
2012,Alabama,2012-11-06,Mitt Romney,53.690322,MITT ROMNEY
2012,Arizona,2012-11-06,Barack Obama,44.002949,BARACK OBAMA
2012,Arizona,2012-11-06,Mitt Romney,52.525115,MITT ROMNEY
2012,Arkansas,2012-11-06,Barack Obama,32.926966,BARACK OBAMA
2012,Arkansas,2012-11-06,Mitt Romney,57.734143,MITT ROMNEY
2012,California,2012-11-06,Barack Obama,54.853727,BARACK OBAMA
2012,California,2012-11-06,Mitt Romney,39.275914,MITT ROMNEY
2012,Colorado,2012-11-06,Barack Obama,48.290802,BARACK OBAMA
2012,Colorado,2012-11-06,Mitt Romney,47.707898,MITT ROMNEY
2012,Connecticut,2012-11-06,Barack Obama,53.670551,BARACK OBAMA
2012,Connecticut,2012-11-06,Mitt Romney,41.265169,MITT ROMNEY
2012,District of Columbia,2012-11-06,Barack Obama,87.344071,BARACK OBAMA
2012,District of Columbia,2012-11-06,Mitt Romney,8.4494673,MITT ROMNEY
2012,Florida,2012-11-06,Barack Obama,47.634723,BARACK OBAMA
2012,Florida,2012-11-06,Mitt Romney,49.181008,MITT ROMNEY
2012,Georgia,2012-11-06,Barack Obama,43.65606,BARACK OBAMA
2012,Georgia,2012-11-06,Mitt Romney,53.397991,MITT ROMNEY
2012,Hawaii,2012-11-06,Barack Obama,61.42352,BARACK OBAMA
2012,Hawaii,2012-11-06,Mitt Romney,33.195114,MITT ROMNEY
2012,Idaho,2012-11-06,Barack Obama,27.09037,BARACK OBAMA
2012,Idaho,2012-11-06,Mitt Romney,62.799298,MITT ROMNEY
2012,Illinois,2012-11-06,Barack Obama,55.665689,BARACK OBAMA
2012,Illinois,2012-11-06,Mitt Romney,38.852062,MITT ROMNEY
2012,Indiana,2012-11-06,Barack Obama,42.112778,BARACK OBAMA
2012,Indiana,2012-11-06,Mitt Romney,53.07087,MITT ROMNEY
2012,Iowa,2012-11-06,Barack Obama,48.072818,BARACK OBAMA
2012,Iowa,2012-11-06,Mitt Romney,46.580157,MITT ROMNEY
2012,Kansas,2012-11-06,Barack Obama,33.987826,BARACK OBAMA
2012,Kansas,2012-11-06,Mitt Romney,55.563704,MITT ROMNEY
2012,Kentucky,2012-11-06,Barack Obama,38.72088,BARACK OBAMA
2012,Kentucky,2012-11-06,Mitt Romney,54.38845,MITT ROMNEY
2012,Louisiana,2012-11-06,Barack Obama,36.768243,BARACK OBAMA
2012,Louisiana,2012-11-06,Mitt Romney,54.552332,MITT ROMNEY
2012,ME-1,2012-11-06,Barack Obama,56.220226,BARACK OBAMA
2012,ME-1,2012-11-06,Mitt Romney,39.809959,MITT ROMNEY
2012,ME-2,2012-11-06,Barack Obama,49.425668,BARACK OBAMA
2012,ME-2,2012-11-06,Mitt Romney,46.112994,MITT ROMNEY
2012,Maine,2012-11-06,Barack Obama,52.556736,BARACK OBAMA
2012,Maine,2012-11-06,Mitt Romney,42.117294,MITT ROMNEY
2012,Maryland,2012-11-06,Barack Obama,57.525837,BARACK OBAMA
2012,Maryland,2012-11-06,Mitt Romney,37.484644,MITT ROMNEY
2012,Massachusetts,2012-11-06,Barack Obama,56.852048,BARACK OBAMA
2012,Massachusetts,2012-11-06,Mitt Romney,39.295166,MITT ROMNEY
2012,Michigan,2012-11-06,Barack Obama,49.748667,BARACK OBAMA
2012,Michigan,2012-11-06,Mitt Romney,45.507971,MITT ROMNEY
2012,Minnesota,2012-11-06,Barack Obama,50.850344,BARACK OBAMA
2012,Minnesota,2012-11-06,Mitt Romney,44.702421,MITT ROMNEY
2012,Missouri,2012-11-06,Barack Obama,42.372821,BARACK OBAMA
2012,Missouri,2012-11-06,Mitt Romney,54.177646,MITT ROMNEY
2012,Montana,2012-11-06,Barack Obama,43.484368,BARACK OBAMA
2012,Montana,2012-11-06,Mitt Romney,52.34363,MITT ROMNEY
2012,NE-1,2012-11-06,Barack Obama,39.953449,BARACK OBAMA
2012,NE-1,2012-11-06,Mitt Romney,49.875825,MITT ROMNEY
2012,NE-2,2012-11-06,Barack Obama,44.127826,BARACK OBAMA
2012,NE-2,2012-11-06,Mitt Romney,47.739852,MITT ROMNEY
2012,NE-3,2012-11-06,Barack Obama,27.06937,BARACK OBAMA
2012,NE-3,2012-11-06,Mitt Romney,62.841278,MITT ROMNEY
2012,National,2012-11-06,Barack Obama,48.100725,BARACK OBAMA
2012,National,2012-11-06,Mitt Romney,47.74572,MITT ROMNEY
2012,Nebraska,2012-11-06,Barack Obama,38.929304,BARACK OBAMA
2012,Nebraska,2012-11-06,Mitt Romney,56.307357,MITT ROMNEY
2012,Nevada,2012-11-06,Barack Obama,49.93103,BARACK OBAMA
2012,Nevada,2012-11-06,Mitt Romney,46.755681,MITT ROMNEY
2012,New Hampshire,2012-11-06,Barack Obama,48.49889,BARACK OBAMA
2012,New Hampshire,2012-11-06,Mitt Romney,47.566634,MITT ROMNEY
2012,New Jersey,2012-11-06,Barack Obama,52.229467,BARACK OBAMA
2012,New Jersey,2012-11-06,Mitt Romney,41.476088,MITT ROMNEY
2012,New Mexico,2012-11-06,Barack Obama,49.905268,BARACK OBAMA
2012,New Mexico,2012-11-06,Mitt Romney,43.455838,MITT ROMNEY
2012,New York,2012-11-06,Barack Obama,59.796929,BARACK OBAMA
2012,New York,2012-11-06,Mitt Romney,36.126627,MITT ROMNEY
2012,North Carolina,2012-11-06,Barack Obama,46.504795,BARACK OBAMA
2012,North Carolina,2012-11-06,Mitt Romney,49.581441,MITT ROMNEY
2012,North Dakota,2012-11-06,Barack Obama,38.780472,BARACK OBAMA
2012,North Dakota,2012-11-06,Mitt Romney,54.59866,MITT ROMNEY
2012,Ohio,2012-11-06,Barack Obama,49.171259,BARACK OBAMA
2012,Ohio,2012-11-06,Mitt Romney,47.157851,MITT ROMNEY
2012,Oklahoma,2012-11-06,Barack Obama,30.318942,BARACK OBAMA
2012,Oklahoma,2012-11-06,Mitt Romney,60.252571,MITT ROMNEY
2012,Oregon,2012-11-06,Barack Obama,48.07413,BARACK OBAMA
2012,Oregon,2012-11-06,Mitt Romney,42.697316,MITT ROMNEY
2012,Pennsylvania,2012-11-06,Barack Obama,49.881312,BARACK OBAMA
2012,Pennsylvania,2012-11-06,Mitt Romney,45.946271,MITT ROMNEY
2012,Rhode Island,2012-11-06,Barack Obama,55.353336,BARACK OBAMA
2012,Rhode Island,2012-11-06,Mitt Romney,33.733549,MITT ROMNEY
2012,South Carolina,2012-11-06,Barack Obama,42.771209,BARACK OBAMA
2012,South Carolina,2012-11-06,Mitt Romney,46.219115,MITT ROMNEY
2012,South Dakota,2012-11-06,Barack Obama,40.736824,BARACK OBAMA
2012,South Dakota,2012-11-06,Mitt Romney,52.887665,MITT ROMNEY
2012,Tennessee,2012-11-06,Barack Obama,38.939167,BARACK OBAMA
2012,Tennessee,2012-11-06,Mitt Romney,53.872375,MITT ROMNEY
2012,Texas,2012-11-06,Barack Obama,38.706372,BARACK OBAMA
2012,Texas,2012-11-06,Mitt Romney,57.416483,MITT ROMNEY
2012,Utah,2012-11-06,Barack Obama,24.505127,BARACK OBAMA
2012,Utah,2012-11-06,Mitt Romney,70.667229,MITT ROMNEY
2012,Vermont,2012-11-06,Barack Obama,59.85286,BARACK OBAMA
2012,Vermont,2012-11-06,Mitt Romney,28.952989,MITT ROMNEY
2012,Virginia,2012-11-06,Barack Obama,48.265883,BARACK OBAMA
2012,Virginia,2012-11-06,Mitt Romney,47.286955,MITT ROMNEY
2012,Washington,2012-11-06,Barack Obama,53.39461,BARACK OBAMA
2012,Washington,2012-11-06,Mitt Romney,42.214919,MITT ROMNEY
2012,West Virginia,2012-11-06,Barack Obama,37.407189,BARACK OBAMA
2012,West Virginia,2012-11-06,Mitt Romney,54.161871,MITT ROMNEY
2012,Wisconsin,2012-11-06,Barack Obama,49.892816,BARACK OBAMA
2012,Wisconsin,2012-11-06,Mitt Romney,46.140313,MITT ROMNEY
2016,Alabama,2016-11-08,Donald Trump,56.33739,DONALD TRUMP
2016,Alabama,2016-11-08,Gary Johnson,4.768962,GARY JOHNSON
2016,Alabama,2016-11-08,Hillary Rodham Clinton,35.14891,HILLARY CLINTON
2016,Alaska,2016-11-08,Donald Trump,45.18066,DONALD TRUMP
2016,Alaska,2016-11-08,Gary Johnson,6.983182,GARY JOHNSON
2016,Alaska,2016-11-08,Hillary Rodham Clinton,39.10066,HILLARY CLINTON
2016,Arizona,2016-11-08,Donald Trump,45.62801,DONALD TRUMP
2016,Arizona,2016-11-08,Gary Johnson,4.717722,GARY JOHNSON
2016,Arizona,2016-11-08,Hillary Rodham Clinton,42.92815,HILLARY CLINTON
2016,Arkansas,2016-11-08,Donald Trump,53.01347,DONALD TRUMP
2016,Arkansas,2016-11-08,Gary Johnson,4.439748,GARY JOHNSON
2016,Arkansas,2016-11-08,Hillary Rodham Clinton,33.52097,HILLARY CLINTON
2016,California,2016-11-08,Donald Trump,32.8349,DONALD TRUMP
2016,California,2016-11-08,Gary Johnson,4.559095,GARY JOHNSON
2016,California,2016-11-08,Hillary Rodham Clinton,54.91905,HILLARY CLINTON
2016,Colorado,2016-11-08,Donald Trump,40.76717,DONALD TRUMP
2016,Colorado,2016-11-08,Gary Johnson,6.484955,GARY JOHNSON
2016,Colorado,2016-11-08,Hillary Rodham Clinton,43.64732,HILLARY CLINTON
2016,Connecticut,2016-11-08,Donald Trump,36.54399,DONALD TRUMP
2016,Connecticut,2016-11-08,Gary Johnson,5.895185,GARY JOHNSON
2016,Connecticut,2016-11-08,Hillary Rodham Clinton,51.05077,HILLARY CLINTON
2016,Delaware,2016-11-08,Donald Trump,36.12701,DONALD TRUMP
2016,Delaware,2016-11-08,Gary Johnson,5.751102,GARY JOHNSON
2016,Delaware,2016-11-08,Hillary Rodham Clinton,50.08618,HILLARY CLINTON
2016,District of Columbia,2016-11-08,Donald Trump,6.497689,DONALD TRUMP
2016,District of Columbia,2016-11-08,Gary Johnson,1.225365,GARY JOHNSON
2016,District of Columbia,2016-11-08,Hillary Rodham Clinton,85.58946,HILLARY CLINTON
2016,Florida,2016-11-08,Donald Trump,45.47896,DONALD TRUMP
2016,Florida,2016-11-08,Gary Johnson,2.99353,GARY JOHNSON
2016,Florida,2016-11-08,Hillary Rodham Clinton,46.39832,HILLARY CLINTON
2016,Georgia,2016-11-08,Donald Trump,48.316,DONALD TRUMP
2016,Georgia,2016-11-08,Gary Johnson,4.11641,GARY JOHNSON
2016,Georgia,2016-11-08,Hillary Rodham Clinton,44.38727,HILLARY CLINTON
2016,Hawaii,2016-11-08,Donald Trump,27.94424,DONALD TRUMP
2016,Hawaii,2016-11-08,Gary Johnson,7.098518,GARY JOHNSON
2016,Hawaii,2016-11-08,Hillary Rodham Clinton,51.88781,HILLARY CLINTON
2016,Idaho,2016-11-08,Donald Trump,46.02107,DONALD TRUMP
2016,Idaho,2016-11-08,Gary Johnson,6.815846,GARY JOHNSON
2016,Idaho,2016-11-08,Hillary Rodham Clinton,29.68751,HILLARY CLINTON
2016,Illinois,2016-11-08,Donald Trump,36.58762,DONALD TRUMP
2016,Illinois,2016-11-08,Gary Johnson,5.190423,GARY JOHNSON
2016,Illinois,2016-11-08,Hillary Rodham Clinton,50.97485,HILLARY CLINTON
2016,Indiana,2016-11-08,Donald Trump,50.26141,DONALD TRUMP
2016,Indiana,2016-11-08,Gary Johnson,6.229885,GARY JOHNSON
2016,Indiana,2016-11-08,Hillary Rodham Clinton,37.3296,HILLARY CLINTON
2016,Iowa,2016-11-08,Donald Trump,45.12743,DONALD TRUMP
2016,Iowa,2016-11-08,Gary Johnson,5.345151,GARY JOHNSON
2016,Iowa,2016-11-08,Hillary Rodham Clinton,40.87534,HILLARY CLINTON
2016,Kansas,2016-11-08,Donald Trump,50.45113,DONALD TRUMP
2016,Kansas,2016-11-08,Gary Johnson,7.878945,GARY JOHNSON
2016,Kansas,2016-11-08,Hillary Rodham Clinton,36.81242,HILLARY CLINTON
2016,Kentucky,2016-11-08,Donald Trump,54.86697,DONALD TRUMP
2016,Kentucky,2016-11-08,Gary Johnson,4.197469,GARY JOHNSON
2016,Kentucky,2016-11-08,Hillary Rodham Clinton,33.53967,HILLARY CLINTON
2016,Louisiana,2016-11-08,Donald Trump,50.27185,DONALD TRUMP
2016,Louisiana,2016-11-08,Gary Johnson,3.904551,GARY JOHNSON
2016,Louisiana,2016-11-08,Hillary Rodham Clinton,37.1587,HILLARY CLINTON
2016,ME-1,2016-11-08,Donald Trump,35.85163,DONALD TRUMP
2016,ME-1,2016-11-08,Gary Johnson,6.30644,GARY JOHNSON
2016,ME-1,2016-11-08,Hillary Rodham Clinton,48.6913,HILLARY CLINTON
2016,ME-2,2016-11-08,Donald Trump,40.52275,DONALD TRUMP
2016,ME-2,2016-11-08,Gary Johnson,7.705639,GARY JOHNSON
2016,ME-2,2016-11-08,Hillary Rodham Clinton,41.05555,HILLARY CLINTON
2016,Maine,2016-11-08,Donald Trump,39.34103,DONALD TRUMP
2016,Maine,2016-11-08,Gary Johnson,6.162638,GARY JOHNSON
2016,Maine,2016-11-08,Hillary Rodham Clinton,46.01504,HILLARY CLINTON
2016,Maryland,2016-11-08,Donald Trump,27.36444,DONALD TRUMP
2016,Maryland,2016-11-08,Gary Johnson,5.180215,GARY JOHNSON
2016,Maryland,2016-11-08,Hillary Rodham Clinton,59.92575,HILLARY CLINTON
2016,Massachusetts,2016-11-08,Donald Trump,28.04336,DONALD TRUMP
2016,Massachusetts,2016-11-08,Gary Johnson,5.590199,GARY JOHNSON
2016,Massachusetts,2016-11-08,Hillary Rodham Clinton,55.71963,HILLARY CLINTON
2016,Michigan,2016-11-08,Donald Trump,42.5041,DONALD TRUMP
2016,Michigan,2016-11-08,Gary Johnson,4.548439,GARY JOHNSON
2016,Michigan,2016-11-08,Hillary Rodham Clinton,45.66772,HILLARY CLINTON
2016,Minnesota,2016-11-08,Donald Trump,38.05634,DONALD TRUMP
2016,Minnesota,2016-11-08,Gary Johnson,7.559665,GARY JOHNSON
2016,Minnesota,2016-11-08,Hillary Rodham Clinton,46.96928,HILLARY CLINTON
2016,Mississippi,2016-11-08,Donald Trump,49.24459,DONALD TRUMP
2016,Mississippi,2016-11-08,Gary Johnson,3.599995,GARY JOHNSON
2016,Mississippi,2016-11-08,Hillary Rodham Clinton,41.43731,HILLARY CLINTON
2016,Missouri,2016-11-08,Donald Trump,50.33763,DONALD TRUMP
2016,Missouri,2016-11-08,Gary Johnson,4.981728,GARY JOHNSON
2016,Missouri,2016-11-08,Hillary Rodham Clinton,38.22606,HILLARY CLINTON
2016,Montana,2016-11-08,Donald Trump,50.71006,DONALD TRUMP
2016,Montana,2016-11-08,Gary Johnson,9.543083,GARY JOHNSON
2016,Montana,2016-11-08,Hillary Rodham Clinton,32.67339,HILLARY CLINTON
2016,NE-1,2016-11-08,Donald Trump,52.44244,DONALD TRUMP
2016,NE-1,2016-11-08,Hillary Rodham Clinton,29.11171,HILLARY CLINTON
2016,NE-2,2016-11-08,Donald Trump,47.65215,DONALD TRUMP
2016,NE-2,2016-11-08,Gary Johnson,7.116786,GARY JOHNSON
2016,NE-2,2016-11-08,Hillary Rodham Clinton,40.67958,HILLARY CLINTON
2016,NE-3,2016-11-08,Donald Trump,64.47254,DONALD TRUMP
2016,NE-3,2016-11-08,Hillary Rodham Clinton,20.09604,HILLARY CLINTON
2016,National,2016-11-08,Donald Trump,41.88613,DONALD TRUMP
2016,National,2016-11-08,Gary Johnson,4.859068,GARY JOHNSON
2016,National,2016-11-08,Hillary Rodham Clinton,45.83657,HILLARY CLINTON
2016,Nebraska,2016-11-08,Donald Trump,51.39848,DONALD TRUMP
2016,Nebraska,2016-11-08,Gary Johnson,7.174087,GARY JOHNSON
2016,Nebraska,2016-11-08,Hillary Rodham Clinton,33.61203,HILLARY CLINTON
2016,Nevada,2016-11-08,Donald Trump,44.21117,DONALD TRUMP
2016,Nevada,2016-11-08,Gary Johnson,4.80453,GARY JOHNSON
2016,Nevada,2016-11-08,Hillary Rodham Clinton,44.89117,HILLARY CLINTON
2016,New Hampshire,2016-11-08,Donald Trump,42.30153,DONALD TRUMP
2016,New Hampshire,2016-11-08,Gary Johnson,6.213722,GARY JOHNSON
2016,New Hampshire,2016-11-08,Hillary Rodham Clinton,44.56515,HILLARY CLINTON
2016,New Jersey,2016-11-08,Donald Trump,37.7098,DONALD TRUMP
2016,New Jersey,2016-11-08,Gary Johnson,3.613963,GARY JOHNSON
2016,New Jersey,2016-11-08,Hillary Rodham Clinton,51.68812,HILLARY CLINTON
2016,New Mexico,2016-11-08,Donald Trump,38.8953,DONALD TRUMP
2016,New Mexico,2016-11-08,Gary Johnson,11.55219,GARY JOHNSON
2016,New Mexico,2016-11-08,Hillary Rodham Clinton,43.84036,HILLARY CLINTON
2016,New York,2016-11-08,Donald Trump,34.79104,DONALD TRUMP
2016,New York,2016-11-08,Gary Johnson,3.56539,GARY JOHNSON
2016,New York,2016-11-08,Hillary Rodham Clinton,54.16473,HILLARY CLINTON
2016,North Carolina,2016-11-08,Donald Trump,45.34254,DONALD TRUMP
2016,North Carolina,2016-11-08,Gary Johnson,3.367924,GARY JOHNSON
2016,North Carolina,2016-11-08,Hillary Rodham Clinton,46.44271,HILLARY CLINTON
2016,North Dakota,2016-11-08,Donald Trump,55.41327,DONALD TRUMP
2016,North Dakota,2016-11-08,Gary Johnson,9.168311,GARY JOHNSON
2016,North Dakota,2016-11-08,Hillary Rodham Clinton,29.20324,HILLARY CLINTON
2016,Ohio,2016-11-08,Donald Trump,45.60511,DONALD TRUMP
2016,Ohio,2016-11-08,Gary Johnson,5.063748,GARY JOHNSON
2016,Ohio,2016-11-08,Hillary Rodham Clinton,42.63316,HILLARY CLINTON
2016,Oklahoma,2016-11-08,Donald Trump,57.24548,DONALD TRUMP
2016,Oklahoma,2016-11-08,Gary Johnson,7.234511,GARY JOHNSON
2016,Oklahoma,2016-11-08,Hillary Rodham Clinton,30.79534,HILLARY CLINTON
2016,Oregon,2016-11-08,Donald Trump,37.47201,DONALD TRUMP
2016,Oregon,2016-11-08,Gary Johnson,5.76195,GARY JOHNSON
2016,Oregon,2016-11-08,Hillary Rodham Clinton,45.89365,HILLARY CLINTON
2016,Pennsylvania,2016-11-08,Donald Trump,43.45462,DONALD TRUMP
2016,Pennsylvania,2016-11-08,Gary Johnson,3.867452,GARY JOHNSON
2016,Pennsylvania,2016-11-08,Hillary Rodham Clinton,46.50476,HILLARY CLINTON
2016,Rhode Island,2016-11-08,Donald Trump,36.13606,DONALD TRUMP
2016,Rhode Island,2016-11-08,Gary Johnson,6.384378,GARY JOHNSON
2016,Rhode Island,2016-11-08,Hillary Rodham Clinton,47.45552,HILLARY CLINTON
2016,South Carolina,2016-11-08,Donald Trump,47.02014,DONALD TRUMP
2016,South Carolina,2016-11-08,Gary Johnson,3.489989,GARY JOHNSON
2016,South Carolina,2016-11-08,Hillary Rodham Clinton,41.16662,HILLARY CLINTON
2016,South Dakota,2016-11-08,Donald Trump,51.40102,DONALD TRUMP
2016,South Dakota,2016-11-08,Gary Johnson,9.322217,GARY JOHNSON
2016,South Dakota,2016-11-08,Hillary Rodham Clinton,32.46563,HILLARY CLINTON
2016,Tennessee,2016-11-08,Donald Trump,48.18097,DONALD TRUMP
2016,Tennessee,2016-11-08,Gary Johnson,4.672243,GARY JOHNSON
2016,Tennessee,2016-11-08,Hillary Rodham Clinton,39.00087,HILLARY CLINTON
2016,Texas,2016-11-08,Donald Trump,48.32655,DONALD TRUMP
2016,Texas,2016-11-08,Gary Johnson,4.872621,GARY JOHNSON
2016,Texas,2016-11-08,Hillary Rodham Clinton,38.6247,HILLARY CLINTON
2016,Utah,2016-11-08,Donald Trump,37.42776,DONALD TRUMP
2016,Utah,2016-11-08,Gary Johnson,4.381258,GARY JOHNSON
2016,Utah,2016-11-08,Hillary Rodham Clinton,26.91846,HILLARY CLINTON
2016,Vermont,2016-11-08,Donald Trump,25.78414,DONALD TRUMP
2016,Vermont,2016-11-08,Gary Johnson,6.352446,GARY JOHNSON
2016,Vermont,2016-11-08,Hillary Rodham Clinton,55.18666,HILLARY CLINTON
2016,Virginia,2016-11-08,Donald Trump,41.85499,DONALD TRUMP
2016,Virginia,2016-11-08,Gary Johnson,3.720529,GARY JOHNSON
2016,Virginia,2016-11-08,Hillary Rodham Clinton,47.26719,HILLARY CLINTON
2016,Washington,2016-11-08,Donald Trump,35.09007,DONALD TRUMP
2016,Washington,2016-11-08,Gary Johnson,4.595997,GARY JOHNSON
2016,Washington,2016-11-08,Hillary Rodham Clinton,50.27108,HILLARY CLINTON
2016,West Virginia,2016-11-08,Donald Trump,55.85203,DONALD TRUMP
2016,West Virginia,2016-11-08,Gary Johnson,6.678608,GARY JOHNSON
2016,West Virginia,2016-11-08,Hillary Rodham Clinton,28.61783,HILLARY CLINTON
2016,Wisconsin,2016-11-08,Donald Trump,41.64948,DONALD TRUMP
2016,Wisconsin,2016-11-08,Gary Johnson,4.578255,GARY JOHNSON
2016,Wisconsin,2016-11-08,Hillary Rodham Clinton,46.56556,HILLARY CLINTON
2016,Wyoming,2016-11-08,Donald Trump,59.95699,DONALD TRUMP
2016,Wyoming,2016-11-08,Gary Johnson,8.226294,GARY JOHNSON
2016,Wyoming,2016-11-08,Hillary Rodham Clinton,22.07957,HILLARY CLINTON
2020,Alabama,2020-11-03,Donald Trump,57.36153,DONALD TRUMP
2020,Alabama,2020-11-03,Joseph R. Biden Jr.,37.78223,JOSEPH BIDEN
2020,Alaska,2020-11-03,Donald Trump,50.99835,DONALD TRUMP
2020,Alaska,2020-11-03,Joseph R. Biden Jr.,43.50767,JOSEPH BIDEN
2020,Arizona,2020-11-03,Donald Trump,46.11074,DONALD TRUMP
2020,Arizona,2020-11-03,Joseph R. Biden Jr.,48.72237,JOSEPH BIDEN
2020,Arkansas,2020-11-03,Donald Trump,58.39097,DONALD TRUMP
2020,Arkansas,2020-11-03,Joseph R. Biden Jr.,36.2072,JOSEPH BIDEN
2020,California,2020-11-03,Donald Trump,32.28521,DONALD TRUMP
2020,California,2020-11-03,Joseph R. Biden Jr.,61.62906,JOSEPH BIDEN
2020,Colorado,2020-11-03,Donald Trump,41.00156,DONALD TRUMP
2020,Colorado,2020-11-03,Joseph R. Biden Jr.,53.62617,JOSEPH BIDEN
2020,Connecticut,2020-11-03,Donald Trump,31.95554,DONALD TRUMP
2020,Connecticut,2020-11-03,Joseph R. Biden Jr.,58.38586,JOSEPH BIDEN
2020,Delaware,2020-11-03,Donald Trump,34.0928,DONALD TRUMP
2020,Delaware,2020-11-03,Joseph R. Biden Jr.,58.69788,JOSEPH BIDEN
2020,District of Columbia,2020-11-03,Donald Trump,5.640251,DONALD TRUMP
2020,District of Columbia,2020-11-03,Joseph R. Biden Jr.,90.74213,JOSEPH BIDEN
2020,Florida,2020-11-03,Donald Trump,46.68101,DONALD TRUMP
2020,Florida,2020-11-03,Joseph R. Biden Jr.,49.09162,JOSEPH BIDEN
2020,Georgia,2020-11-03,Donald Trump,47.32513,DONALD TRUMP
2020,Georgia,2020-11-03,Joseph R. Biden Jr.,48.57144,JOSEPH BIDEN
2020,Hawaii,2020-11-03,Donald Trump,29.20069,DONALD TRUMP
2020,Hawaii,2020-11-03,Joseph R. Biden Jr.,64.27528,JOSEPH BIDEN
2020,Idaho,2020-11-03,Donald Trump,56.15257,DONALD TRUMP
2020,Idaho,2020-11-03,Joseph R. Biden Jr.,38.27272,JOSEPH BIDEN
2020,Illinois,2020-11-03,Donald Trump,39.00851,DONALD TRUMP
2020,Illinois,2020-11-03,Joseph R. Biden Jr.,55.00272,JOSEPH BIDEN
2020,Indiana,2020-11-03,Donald Trump,52.81413,DONALD TRUMP
2020,Indiana,2020-11-03,Joseph R. Biden Jr.,42.02645,JOSEPH BIDEN
2020,Iowa,2020-11-03,Donald Trump,47.63221,DONALD TRUMP
2020,Iowa,2020-11-03,Joseph R. Biden Jr.,46.30991,JOSEPH BIDEN
2020,Kansas,2020-11-03,Donald Trump,53.79849,DONALD TRUMP
2020,Kansas,2020-11-03,Joseph R. Biden Jr.,40.89531,JOSEPH BIDEN
2020,Kentucky,2020-11-03,Donald Trump,55.4626,DONALD TRUMP
2020,Kentucky,2020-11-03,Joseph R. Biden Jr.,39.73639,JOSEPH BIDEN
2020,Louisiana,2020-11-03,Donald Trump,57.52434,DONALD TRUMP
2020,Louisiana,2020-11-03,Joseph R. Biden Jr.,37.01124,JOSEPH BIDEN
2020,ME-1,2020-11-03,Donald Trump,37.06219,DONALD TRUMP
2020,ME-1,2020-11-03,Joseph R. Biden Jr.,57.59848,JOSEPH BIDEN
2020,ME-2,2020-11-03,Donald Trump,46.22057,DONALD TRUMP
2020,ME-2,2020-11-03,Joseph R. Biden Jr.,49.0097,JOSEPH BIDEN
2020,Maine,2020-11-03,Donald Trump,40.3441,DONALD TRUMP
2020,Maine,2020-11-03,Joseph R. Biden Jr.,53.31518,JOSEPH BIDEN
2020,Maryland,2020-11-03,Donald Trump,31.55125,DONALD TRUMP
2020,Maryland,2020-11-03,Joseph R. Biden Jr.,63.02029,JOSEPH BIDEN
2020,Massachusetts,2020-11-03,Donald Trump,28.56164,DONALD TRUMP
2020,Massachusetts,2020-11-03,Joseph R. Biden Jr.,64.36328,JOSEPH BIDEN
2020,Michigan,2020-11-03,Donald Trump,43.20577,DONALD TRUMP
2020,Michigan,2020-11-03,Joseph R. Biden Jr.,51.17806,JOSEPH BIDEN
2020,Minnesota,2020-11-03,Donald Trump,42.63638,DONALD TRUMP
2020,Minnesota,2020-11-03,Joseph R. Biden Jr.,51.86992,JOSEPH BIDEN
2020,Mississippi,2020-11-03,Donald Trump,55.39824,DONALD TRUMP
2020,Mississippi,2020-11-03,Joseph R. Biden Jr.,39.49166,JOSEPH BIDEN
2020,Missouri,2020-11-03,Donald Trump,51.47853,DONALD TRUMP
2020,Missouri,2020-11-03,Joseph R. Biden Jr.,43.60328,JOSEPH BIDEN
2020,Montana,2020-11-03,Donald Trump,49.74744,DONALD TRUMP
2020,Montana,2020-11-03,Joseph R. Biden Jr.,45.34418,JOSEPH BIDEN
2020,NE-1,2020-11-03,Donald Trump,49.43981,DONALD TRUMP
2020,NE-1,2020-11-03,Joseph R. Biden Jr.,44.54313,JOSEPH BIDEN
2020,NE-2,2020-11-03,Donald Trump,46.08874,DONALD TRUMP
2020,NE-2,2020-11-03,Joseph R. Biden Jr.,49.99056,JOSEPH BIDEN
2020,National,2020-11-03,Donald Trump,43.39262,DONALD TRUMP
2020,National,2020-11-03,Joseph R. Biden Jr.,51.84996,JOSEPH BIDEN
2020,Nebraska,2020-11-03,Donald Trump,51.74755,DONALD TRUMP
2020,Nebraska,2020-11-03,Joseph R. Biden Jr.,42.38914,JOSEPH BIDEN
2020,Nevada,2020-11-03,Donald Trump,44.32982,DONALD TRUMP
2020,Nevada,2020-11-03,Joseph R. Biden Jr.,49.62386,JOSEPH BIDEN
2020,New Hampshire,2020-11-03,Donald Trump,42.7887,DONALD TRUMP
2020,New Hampshire,2020-11-03,Joseph R. Biden Jr.,53.90454,JOSEPH BIDEN
2020,New Jersey,2020-11-03,Donald Trump,37.88028,DONALD TRUMP
2020,New Jersey,2020-11-03,Joseph R. Biden Jr.,58.35078,JOSEPH BIDEN
2020,New Mexico,2020-11-03,Donald Trump,41.84091,DONALD TRUMP
2020,New Mexico,2020-11-03,Joseph R. Biden Jr.,53.81614,JOSEPH BIDEN
2020,New York,2020-11-03,Donald Trump,32.77427,DONALD TRUMP
2020,New York,2020-11-03,Joseph R. Biden Jr.,62.21193,JOSEPH BIDEN
2020,North Carolina,2020-11-03,Donald Trump,47.12687,DONALD TRUMP
2020,North Carolina,2020-11-03,Joseph R. Biden Jr.,48.90633,JOSEPH BIDEN
2020,North Dakota,2020-11-03,Donald Trump,55.62675,DONALD TRUMP
2020,North Dakota,2020-11-03,Joseph R. Biden Jr.,38.58266,JOSEPH BIDEN
2020,Ohio,2020-11-03,Donald Trump,47.51268,DONALD TRUMP
2020,Ohio,2020-11-03,Joseph R. Biden Jr.,46.76865,JOSEPH BIDEN
2020,Oklahoma,2020-11-03,Donald Trump,58.78825,DONALD TRUMP
2020,Oklahoma,2020-11-03,Joseph R. Biden Jr.,36.14497,JOSEPH BIDEN
2020,Oregon,2020-11-03,Donald Trump,37.04441,DONALD TRUMP
2020,Oregon,2020-11-03,Joseph R. Biden Jr.,58.60912,JOSEPH BIDEN
2020,Pennsylvania,2020-11-03,Donald Trump,45.57216,DONALD TRUMP
2020,Pennsylvania,2020-11-03,Joseph R. Biden Jr.,50.22,JOSEPH BIDEN
2020,Rhode Island,2020-11-03,Donald Trump,31.77536,DONALD TRUMP
2020,Rhode Island,2020-11-03,Joseph R. Biden Jr.,62.88512,JOSEPH BIDEN
2020,South Carolina,2020-11-03,Donald Trump,51.55556,DONALD TRUMP
2020,South Carolina,2020-11-03,Joseph R. Biden Jr.,44.49876,JOSEPH BIDEN
2020,South Dakota,2020-11-03,Donald Trump,54.1786,DONALD TRUMP
2020,South Dakota,2020-11-03,Joseph R. Biden Jr.,39.04822,JOSEPH BIDEN
2020,Tennessee,2020-11-03,Donald Trump,54.92919,DONALD TRUMP
2020,Tennessee,2020-11-03,Joseph R. Biden Jr.,40.98734,JOSEPH BIDEN
2020,Texas,2020-11-03,Donald Trump,48.57118,DONALD TRUMP
2020,Texas,2020-11-03,Joseph R. Biden Jr.,47.46643,JOSEPH BIDEN
2020,Utah,2020-11-03,Donald Trump,51.59272,DONALD TRUMP
2020,Utah,2020-11-03,Joseph R. Biden Jr.,42.09312,JOSEPH BIDEN
2020,Vermont,2020-11-03,Donald Trump,27.34287,DONALD TRUMP
2020,Vermont,2020-11-03,Joseph R. Biden Jr.,66.37385,JOSEPH BIDEN
2020,Virginia,2020-11-03,Donald Trump,41.78265,DONALD TRUMP
2020,Virginia,2020-11-03,Joseph R. Biden Jr.,53.7412,JOSEPH BIDEN
2020,Washington,2020-11-03,Donald Trump,36.26052,DONALD TRUMP
2020,Washington,2020-11-03,Joseph R. Biden Jr.,59.34201,JOSEPH BIDEN
2020,West Virginia,2020-11-03,Donald Trump,61.89582,DONALD TRUMP
2020,West Virginia,2020-11-03,Joseph R. Biden Jr.,33.49125,JOSEPH BIDEN
2020,Wisconsin,2020-11-03,Donald Trump,43.66555,DONALD TRUMP
2020,Wisconsin,2020-11-03,Joseph R. Biden Jr.,52.12642,JOSEPH BIDEN
2020,Wyoming,2020-11-03,Donald Trump,61.97429,DONALD TRUMP
2020,Wyoming,2020-11-03,Joseph R. Biden Jr.,30.81486,JOSEPH BIDEN
